url,relevant,notes
https://github.com/n0-computer/iroh/issues/2360,no,triage: dropped by both annotators
https://github.com/qdrant/qdrant/pull/7714,no,triage: dropped by both annotators
https://github.com/MaterializeInc/materialize/pull/36980,no,triage: dropped by both annotators
https://github.com/risingwavelabs/risingwave/pull/26045,no,triage: dropped by both annotators
https://github.com/risingwavelabs/risingwave/pull/10712,no,triage: dropped by both annotators
https://github.com/tokio-rs/tokio/issues/2251,no,triage: dropped by both annotators
https://github.com/risingwavelabs/risingwave/pull/9689,no,triage: dropped by both annotators
https://github.com/databendlabs/databend/pull/11839,no,triage: dropped by both annotators
https://github.com/denoland/deno/issues/36635,no,triage: dropped by both annotators
https://github.com/influxdata/influxdb/issues/16082,no,triage: dropped by both annotators
https://github.com/libp2p/rust-libp2p/issues/2567,no,triage: dropped by both annotators
https://github.com/influxdata/influxdb/issues/20605,no,triage: dropped by both annotators
https://github.com/paritytech/polkadot-sdk/issues/1629,no,triage: dropped by both annotators
https://github.com/databendlabs/databend/issues/7250,no,triage: dropped by both annotators
https://github.com/paritytech/polkadot-sdk/issues/8705,no,triage: dropped by both annotators
https://github.com/databendlabs/databend/issues/14447,no,triage: dropped by both annotators
https://github.com/tokio-rs/tokio/issues/1992,no,triage: dropped by both annotators
https://github.com/risingwavelabs/risingwave/pull/3788,no,triage: dropped by both annotators
https://github.com/libp2p/rust-libp2p/issues/4067,no,triage: dropped by both annotators
https://github.com/paritytech/polkadot-sdk/pull/1577,no,triage: dropped by both annotators
https://github.com/n0-computer/iroh/pull/2258,no,triage: dropped by both annotators
https://github.com/MaterializeInc/materialize/pull/14047,no,triage: dropped by both annotators
https://github.com/MaterializeInc/materialize/pull/18234,no,triage: dropped by both annotators
https://github.com/databendlabs/databend/pull/20058,no,triage: dropped by both annotators
https://github.com/paritytech/polkadot-sdk/issues/30,no,triage: dropped by both annotators
https://github.com/vectordotdev/vector/issues/338,no,triage: dropped by both annotators
https://github.com/influxdata/influxdb/pull/12610,no,triage: dropped by both annotators
https://github.com/risingwavelabs/risingwave/issues/24723,no,triage: dropped by both annotators
https://github.com/risingwavelabs/risingwave/pull/5785,no,triage: dropped by both annotators
https://github.com/quinn-rs/quinn/pull/284,no,triage: dropped by both annotators
https://github.com/influxdata/influxdb/issues/3707,no,triage: dropped by both annotators
https://github.com/vectordotdev/vector/pull/24657,no,triage: dropped by both annotators
https://github.com/influxdata/influxdb/issues/27548,no,triage: dropped by both annotators
https://github.com/risingwavelabs/risingwave/issues/25206,no,triage: dropped by both annotators
https://github.com/risingwavelabs/risingwave/pull/3983,no,triage: dropped by both annotators
https://github.com/risingwavelabs/risingwave/pull/25804,no,triage: dropped by both annotators
https://github.com/linkerd/linkerd2-proxy/pull/403,no,triage: dropped by both annotators
https://github.com/n0-computer/iroh/pull/1103,no,triage: dropped by both annotators
https://github.com/n0-computer/iroh/pull/3041,no,triage: dropped by both annotators
https://github.com/influxdata/influxdb/issues/12891,no,triage: dropped by both annotators
https://github.com/libp2p/rust-libp2p/pull/4648,no,triage: dropped by both annotators
https://github.com/risingwavelabs/risingwave/pull/20203,no,triage: dropped by both annotators
https://github.com/MaterializeInc/materialize/pull/36751,no,triage: dropped by both annotators
https://github.com/databendlabs/databend/pull/19551,no,triage: dropped by both annotators
https://github.com/influxdata/influxdb/issues/2378,no,triage: dropped by both annotators
https://github.com/tokio-rs/tokio/issues/5987,no,triage: dropped by both annotators
https://github.com/influxdata/influxdb/pull/8336,no,triage: dropped by both annotators
https://github.com/databendlabs/databend/issues/1786,no,triage: dropped by both annotators
https://github.com/influxdata/influxdb/issues/23243,no,triage: dropped by both annotators
https://github.com/paritytech/polkadot-sdk/pull/8128,no,triage: dropped by both annotators
https://github.com/influxdata/influxdb/issues/3210,no,triage: dropped by both annotators
https://github.com/libp2p/rust-libp2p/pull/6348,no,triage: dropped by both annotators
https://github.com/libp2p/rust-libp2p/issues/1434,no,triage: dropped by both annotators
https://github.com/influxdata/influxdb/pull/10333,no,triage: dropped by both annotators
https://github.com/oxidecomputer/omicron/pull/10284,no,triage: dropped by both annotators
https://github.com/oxidecomputer/omicron/pull/8728,no,triage: dropped by both annotators
https://github.com/influxdata/influxdb/issues/26175,no,triage: dropped by both annotators
https://github.com/MaterializeInc/materialize/pull/24035,no,triage: dropped by both annotators
https://github.com/denoland/deno/pull/32872,no,triage: dropped by both annotators
https://github.com/risingwavelabs/risingwave/issues/7313,no,triage: dropped by both annotators
https://github.com/MaterializeInc/materialize/pull/22940,no,triage: dropped by both annotators
https://github.com/influxdata/influxdb/issues/18924,no,triage: dropped by both annotators
https://github.com/hyperium/hyper/pull/4132,no,triage: dropped by both annotators
https://github.com/MaterializeInc/materialize/pull/22932,no,triage: dropped by both annotators
https://github.com/oxidecomputer/dropshot/pull/1028,no,triage: dropped by both annotators
https://github.com/denoland/deno/pull/33658,no,triage: dropped by both annotators
https://github.com/databendlabs/databend/issues/11324,no,triage: dropped by both annotators
https://github.com/oxidecomputer/omicron/issues/7831,no,triage: dropped by both annotators
https://github.com/MaterializeInc/materialize/pull/29922,no,triage: dropped by both annotators
https://github.com/databendlabs/databend/pull/16002,no,triage: dropped by both annotators
https://github.com/databendlabs/databend/pull/18961,no,triage: dropped by both annotators
https://github.com/influxdata/influxdb/issues/3880,no,triage: dropped by both annotators
https://github.com/influxdata/influxdb/issues/7089,no,triage: dropped by both annotators
https://github.com/risingwavelabs/risingwave/pull/12570,no,triage: dropped by both annotators
https://github.com/vectordotdev/vector/issues/20147,no,triage: dropped by both annotators
https://github.com/MaterializeInc/materialize/pull/24049,no,triage: dropped by both annotators
https://github.com/risingwavelabs/risingwave/issues/16607,no,triage: dropped by both annotators
https://github.com/influxdata/influxdb/issues/25423,no,triage: dropped by both annotators
https://github.com/vectordotdev/vector/pull/10434,no,triage: dropped by both annotators
https://github.com/influxdata/influxdb/issues/17026,no,triage: dropped by both annotators
https://github.com/databendlabs/databend/pull/12385,no,triage: dropped by both annotators
https://github.com/MaterializeInc/materialize/pull/11049,no,triage: dropped by both annotators
https://github.com/influxdata/influxdb/issues/17811,no,triage: dropped by both annotators
https://github.com/MaterializeInc/materialize/pull/20209,no,triage: dropped by both annotators
https://github.com/libp2p/rust-libp2p/issues/2722,no,triage: dropped by both annotators
https://github.com/qdrant/qdrant/pull/9810,no,triage: dropped by both annotators
https://github.com/neondatabase/neon/pull/7949,no,triage: dropped by both annotators
https://github.com/tokio-rs/tokio/issues/8073,no,triage: dropped by both annotators
https://github.com/influxdata/influxdb/pull/9801,no,triage: dropped by both annotators
https://github.com/databendlabs/databend/pull/14272,no,triage: dropped by both annotators
https://github.com/influxdata/influxdb/issues/7875,no,triage: dropped by both annotators
https://github.com/influxdata/influxdb/issues/12342,no,triage: dropped by both annotators
https://github.com/databendlabs/databend/pull/9556,no,triage: dropped by both annotators
https://github.com/MaterializeInc/materialize/pull/6446,no,triage: dropped by both annotators
https://github.com/libp2p/rust-libp2p/pull/6409,no,triage: dropped by both annotators
https://github.com/MaterializeInc/materialize/pull/21500,no,triage: dropped by both annotators
https://github.com/risingwavelabs/risingwave/pull/25865,no,triage: dropped by both annotators
https://github.com/denoland/deno/issues/4817,no,triage: dropped by both annotators
https://github.com/MaterializeInc/materialize/pull/6520,no,triage: dropped by both annotators
https://github.com/databendlabs/databend/pull/3956,no,triage: dropped by both annotators
https://github.com/qdrant/qdrant/pull/7188,no,triage: dropped by both annotators
https://github.com/neondatabase/neon/pull/745,no,triage: dropped by both annotators
https://github.com/denoland/deno/pull/20876,no,triage: dropped by both annotators
https://github.com/neondatabase/neon/pull/7991,no,triage: dropped by both annotators
https://github.com/risingwavelabs/risingwave/issues/5563,no,triage: dropped by both annotators
https://github.com/MaterializeInc/materialize/pull/35440,no,triage: dropped by both annotators
https://github.com/neondatabase/neon/pull/4147,no,triage: dropped by both annotators
https://github.com/oxidecomputer/omicron/issues/1014,no,triage: dropped by both annotators
https://github.com/influxdata/influxdb/issues/8040,no,triage: dropped by both annotators
https://github.com/libp2p/rust-libp2p/pull/5604,no,triage: dropped by both annotators
https://github.com/databendlabs/databend/pull/5059,no,triage: dropped by both annotators
https://github.com/neondatabase/neon/pull/6513,no,triage: dropped by both annotators
https://github.com/databendlabs/databend/issues/1553,no,triage: dropped by both annotators
https://github.com/oxidecomputer/omicron/pull/11223,no,triage: dropped by both annotators
https://github.com/risingwavelabs/risingwave/pull/17891,no,triage: dropped by both annotators
https://github.com/redis-rs/redis-rs/pull/2150,no,triage: dropped by both annotators
https://github.com/qdrant/qdrant/pull/10159,no,triage: dropped by both annotators
https://github.com/influxdata/influxdb/issues/17486,no,triage: dropped by both annotators
https://github.com/qdrant/qdrant/pull/9129,no,triage: dropped by both annotators
https://github.com/hyperium/hyper/pull/2523,no,triage: dropped by both annotators
https://github.com/databendlabs/databend/pull/20224,no,triage: dropped by both annotators
https://github.com/neondatabase/neon/issues/11516,no,triage: dropped by both annotators
https://github.com/tokio-rs/tracing/issues/1941,no,triage: dropped by both annotators
https://github.com/influxdata/influxdb/issues/6702,no,triage: dropped by both annotators
https://github.com/vectordotdev/vector/pull/1835,no,triage: dropped by both annotators
https://github.com/influxdata/influxdb/issues/5877,no,triage: dropped by both annotators
https://github.com/oxidecomputer/omicron/pull/5063,no,triage: dropped by both annotators
https://github.com/risingwavelabs/risingwave/issues/5635,no,triage: dropped by both annotators
https://github.com/MaterializeInc/materialize/pull/7471,no,triage: dropped by both annotators
https://github.com/denoland/deno/pull/33252,no,triage: dropped by both annotators
https://github.com/influxdata/influxdb/pull/7631,no,triage: dropped by both annotators
https://github.com/MaterializeInc/materialize/pull/23030,no,triage: dropped by both annotators
https://github.com/vectordotdev/vector/pull/24550,no,triage: dropped by both annotators
https://github.com/databendlabs/databend/issues/5973,no,triage: dropped by both annotators
https://github.com/MaterializeInc/materialize/pull/3569,no,triage: dropped by both annotators
https://github.com/neondatabase/neon/pull/7456,no,triage: dropped by both annotators
https://github.com/MaterializeInc/materialize/pull/7522,no,triage: dropped by both annotators
https://github.com/influxdata/influxdb/issues/18791,no,triage: dropped by both annotators
https://github.com/databendlabs/databend/pull/3122,no,triage: dropped by both annotators
https://github.com/qdrant/qdrant/pull/7345,no,triage: dropped by both annotators
https://github.com/influxdata/influxdb/pull/4112,no,triage: dropped by both annotators
https://github.com/tokio-rs/tokio/issues/5083,no,triage: dropped by both annotators
https://github.com/influxdata/influxdb/issues/6218,no,triage: dropped by both annotators
https://github.com/influxdata/influxdb/pull/13378,no,triage: dropped by both annotators
https://github.com/denoland/deno/pull/36804,no,triage: dropped by both annotators
https://github.com/tokio-rs/tracing/issues/722,no,triage: dropped by both annotators
https://github.com/n0-computer/iroh/pull/1420,no,triage: dropped by both annotators
https://github.com/risingwavelabs/risingwave/issues/21150,no,triage: dropped by both annotators
https://github.com/influxdata/influxdb/pull/19006,no,triage: dropped by both annotators
https://github.com/denoland/deno/pull/35012,no,triage: dropped by both annotators
https://github.com/influxdata/influxdb/issues/8043,no,triage: dropped by both annotators
https://github.com/MaterializeInc/materialize/pull/20134,no,triage: dropped by both annotators
https://github.com/risingwavelabs/risingwave/pull/27159,no,triage: dropped by both annotators
https://github.com/MaterializeInc/materialize/pull/35105,no,triage: dropped by both annotators
https://github.com/databendlabs/databend/pull/19618,no,triage: dropped by both annotators
https://github.com/databendlabs/databend/pull/19225,no,triage: dropped by both annotators
https://github.com/libp2p/rust-libp2p/pull/6288,no,triage: dropped by both annotators
https://github.com/vectordotdev/vector/issues/20753,no,triage: dropped by both annotators
https://github.com/MaterializeInc/materialize/pull/5847,no,triage: dropped by both annotators
https://github.com/tokio-rs/tokio/issues/4501,no,triage: dropped by both annotators
https://github.com/tokio-rs/tokio/pull/4234,no,triage: dropped by both annotators
https://github.com/denoland/deno/issues/6128,no,triage: dropped by both annotators
https://github.com/libp2p/rust-libp2p/issues/2230,no,triage: dropped by both annotators
https://github.com/risingwavelabs/risingwave/issues/8238,no,triage: dropped by both annotators
https://github.com/denoland/deno/issues/27432,no,triage: dropped by both annotators
https://github.com/vectordotdev/vector/issues/13665,no,triage: dropped by both annotators
https://github.com/influxdata/influxdb/issues/10418,no,triage: dropped by both annotators
https://github.com/qdrant/qdrant/pull/9534,no,triage: dropped by both annotators
https://github.com/tokio-rs/axum/issues/2396,no,triage: dropped by both annotators
https://github.com/MaterializeInc/materialize/pull/20696,no,triage: dropped by both annotators
https://github.com/MaterializeInc/materialize/pull/36473,no,triage: dropped by both annotators
https://github.com/neondatabase/neon/pull/826,no,triage: dropped by both annotators
https://github.com/influxdata/influxdb/issues/4736,no,triage: dropped by both annotators
https://github.com/paritytech/polkadot-sdk/issues/611,no,triage: dropped by both annotators
https://github.com/MaterializeInc/materialize/pull/20760,no,triage: dropped by both annotators
https://github.com/qdrant/qdrant/pull/8368,no,triage: dropped by both annotators
https://github.com/neondatabase/neon/issues/7406,no,triage: dropped by both annotators
https://github.com/influxdata/influxdb/issues/25648,no,triage: dropped by both annotators
https://github.com/grpc/grpc-rust/pull/2818,no,triage: dropped by both annotators
https://github.com/influxdata/influxdb/issues/10612,no,triage: dropped by both annotators
https://github.com/qdrant/qdrant/pull/6289,no,triage: dropped by both annotators
https://github.com/risingwavelabs/risingwave/issues/14317,no,triage: dropped by both annotators
https://github.com/vectordotdev/vector/pull/1455,no,triage: dropped by both annotators
https://github.com/neondatabase/neon/issues/1212,no,triage: dropped by both annotators
https://github.com/denoland/deno/pull/10725,no,triage: dropped by both annotators
https://github.com/databendlabs/databend/pull/19234,no,triage: dropped by both annotators
https://github.com/risingwavelabs/risingwave/pull/24263,no,triage: dropped by both annotators
https://github.com/influxdata/influxdb/issues/9088,no,triage: dropped by both annotators
https://github.com/risingwavelabs/risingwave/pull/19467,no,triage: dropped by both annotators
https://github.com/risingwavelabs/risingwave/pull/11755,no,triage: dropped by both annotators
https://github.com/tokio-rs/tracing/pull/2686,no,triage: dropped by both annotators
https://github.com/risingwavelabs/risingwave/pull/725,no,triage: dropped by both annotators
https://github.com/denoland/deno/issues/19759,no,triage: dropped by both annotators
https://github.com/influxdata/influxdb/pull/9866,no,triage: dropped by both annotators
https://github.com/risingwavelabs/risingwave/pull/26862,no,triage: dropped by both annotators
https://github.com/MaterializeInc/materialize/pull/32441,no,triage: dropped by both annotators
https://github.com/databendlabs/databend/pull/11520,no,triage: dropped by both annotators
https://github.com/MaterializeInc/materialize/pull/9839,no,triage: dropped by both annotators
https://github.com/tokio-rs/tokio/issues/2857,no,triage: dropped by both annotators
https://github.com/databendlabs/databend/issues/6023,no,triage: dropped by both annotators
https://github.com/qdrant/qdrant/pull/10327,no,triage: dropped by both annotators
https://github.com/influxdata/influxdb/issues/24713,no,triage: dropped by both annotators
https://github.com/risingwavelabs/risingwave/issues/6077,no,triage: dropped by both annotators
https://github.com/vectordotdev/vector/pull/26077,no,triage: dropped by both annotators
https://github.com/vectordotdev/vector/issues/882,no,triage: dropped by both annotators
https://github.com/influxdata/influxdb/issues/24938,no,triage: dropped by both annotators
https://github.com/vectordotdev/vector/pull/25143,no,triage: dropped by both annotators
https://github.com/influxdata/influxdb/issues/7731,no,triage: dropped by both annotators
https://github.com/vectordotdev/vector/pull/8825,no,triage: dropped by both annotators
https://github.com/risingwavelabs/risingwave/issues/15384,no,triage: dropped by both annotators
https://github.com/MaterializeInc/materialize/pull/17937,no,triage: dropped by both annotators
https://github.com/risingwavelabs/risingwave/issues/11851,no,triage: dropped by both annotators
https://github.com/influxdata/influxdb/issues/7275,no,triage: dropped by both annotators
https://github.com/redis-rs/redis-rs/issues/1181,no,triage: dropped by both annotators
https://github.com/redis-rs/redis-rs/issues/803,no,triage: dropped by both annotators
https://github.com/neondatabase/neon/pull/4125,no,triage: dropped by both annotators
https://github.com/oxidecomputer/omicron/pull/4291,no,triage: dropped by both annotators
https://github.com/risingwavelabs/risingwave/issues/2124,no,triage: dropped by both annotators
https://github.com/risingwavelabs/risingwave/pull/23260,no,triage: dropped by both annotators
https://github.com/MaterializeInc/materialize/pull/12138,no,triage: dropped by both annotators
https://github.com/vectordotdev/vector/issues/26115,no,triage: dropped by both annotators
https://github.com/databendlabs/databend/pull/3433,no,triage: dropped by both annotators
https://github.com/qdrant/qdrant/pull/6207,no,triage: dropped by both annotators
https://github.com/libp2p/rust-libp2p/pull/6426,no,triage: dropped by both annotators
https://github.com/databendlabs/databend/issues/5224,no,triage: dropped by both annotators
https://github.com/paritytech/polkadot-sdk/pull/2935,no,triage: dropped by both annotators
https://github.com/MaterializeInc/materialize/pull/34245,no,triage: dropped by both annotators
https://github.com/influxdata/influxdb/pull/23093,no,triage: dropped by both annotators
https://github.com/influxdata/influxdb/issues/12334,no,triage: dropped by both annotators
https://github.com/vectordotdev/vector/pull/24566,no,triage: dropped by both annotators
https://github.com/influxdata/influxdb/issues/14525,no,triage: dropped by both annotators
https://github.com/libp2p/rust-libp2p/pull/4581,no,triage: dropped by both annotators
https://github.com/vectordotdev/vector/issues/443,no,triage: dropped by both annotators
https://github.com/paritytech/polkadot-sdk/pull/1265,no,triage: dropped by both annotators
https://github.com/grpc/grpc-rust/pull/2742,no,triage: dropped by both annotators
https://github.com/libp2p/rust-libp2p/issues/659,no,triage: dropped by both annotators
https://github.com/databendlabs/databend/issues/12695,no,triage: dropped by both annotators
https://github.com/tokio-rs/tokio/issues/5490,no,triage: dropped by both annotators
https://github.com/risingwavelabs/risingwave/pull/26362,no,triage: dropped by both annotators
https://github.com/influxdata/influxdb/issues/284,no,triage: dropped by both annotators
https://github.com/paritytech/polkadot-sdk/issues/767,no,triage: dropped by both annotators
https://github.com/risingwavelabs/risingwave/pull/26317,no,triage: dropped by both annotators
https://github.com/tokio-rs/tokio/issues/3643,no,triage: dropped by both annotators
https://github.com/qdrant/qdrant/pull/7976,no,triage: dropped by both annotators
https://github.com/MaterializeInc/materialize/pull/19337,no,triage: dropped by both annotators
https://github.com/vectordotdev/vector/pull/16862,no,triage: dropped by both annotators
https://github.com/paritytech/polkadot-sdk/issues/679,no,triage: dropped by both annotators
https://github.com/vectordotdev/vector/issues/26120,no,triage: dropped by both annotators
https://github.com/paritytech/polkadot-sdk/pull/10858,no,triage: dropped by both annotators
https://github.com/MaterializeInc/materialize/pull/17709,no,triage: dropped by both annotators
https://github.com/oxidecomputer/omicron/pull/6533,no,triage: dropped by both annotators
https://github.com/grpc/grpc-rust/issues/691,no,triage: dropped by both annotators
https://github.com/libp2p/rust-libp2p/pull/4756,no,triage: dropped by both annotators
https://github.com/libp2p/rust-libp2p/pull/6434,no,triage: dropped by both annotators
https://github.com/databendlabs/databend/pull/12132,no,triage: dropped by both annotators
https://github.com/influxdata/influxdb/pull/14223,no,triage: dropped by both annotators
https://github.com/databendlabs/databend/pull/19035,no,triage: dropped by both annotators
https://github.com/risingwavelabs/risingwave/pull/1812,no,triage: dropped by both annotators
https://github.com/MaterializeInc/materialize/pull/11628,no,triage: dropped by both annotators
https://github.com/vectordotdev/vector/issues/22188,no,triage: dropped by both annotators
https://github.com/vectordotdev/vector/pull/3648,no,triage: dropped by both annotators
https://github.com/denoland/deno/pull/36531,no,triage: dropped by both annotators
https://github.com/MaterializeInc/materialize/pull/33041,no,triage: dropped by both annotators
https://github.com/paritytech/polkadot-sdk/pull/9247,no,triage: dropped by both annotators
https://github.com/linkerd/linkerd2-proxy/pull/4298,no,triage: dropped by both annotators
https://github.com/grpc/grpc-rust/pull/2602,no,triage: dropped by both annotators
https://github.com/qdrant/qdrant/pull/10234,no,triage: dropped by both annotators
https://github.com/tokio-rs/tokio/pull/2861,no,triage: dropped by both annotators
https://github.com/databendlabs/databend/pull/20542,no,triage: dropped by both annotators
https://github.com/libp2p/rust-libp2p/pull/6451,no,triage: dropped by both annotators
https://github.com/tokio-rs/axum/issues/3279,no,triage: dropped by both annotators
https://github.com/influxdata/influxdb/issues/25971,no,triage: dropped by both annotators
https://github.com/MaterializeInc/materialize/pull/2214,no,triage: dropped by both annotators
https://github.com/paritytech/polkadot-sdk/pull/1246,no,triage: dropped by both annotators
https://github.com/databendlabs/databend/issues/4808,no,triage: dropped by both annotators
https://github.com/influxdata/influxdb/issues/9966,no,triage: dropped by both annotators
https://github.com/risingwavelabs/risingwave/pull/11208,no,triage: dropped by both annotators
https://github.com/tokio-rs/tracing/pull/1912,no,triage: dropped by both annotators
https://github.com/risingwavelabs/risingwave/issues/27115,no,triage: dropped by both annotators
https://github.com/influxdata/influxdb/issues/4244,no,triage: dropped by both annotators
https://github.com/qdrant/qdrant/pull/9325,no,triage: dropped by both annotators
https://github.com/libp2p/rust-libp2p/pull/2888,no,triage: dropped by both annotators
https://github.com/influxdata/influxdb/issues/5012,no,triage: dropped by both annotators
https://github.com/risingwavelabs/risingwave/pull/20532,no,triage: dropped by both annotators
https://github.com/libp2p/rust-libp2p/issues/1351,no,triage: dropped by both annotators
https://github.com/risingwavelabs/risingwave/pull/12699,no,triage: dropped by both annotators
https://github.com/databendlabs/databend/pull/19566,no,triage: dropped by both annotators
https://github.com/libp2p/rust-libp2p/pull/1977,no,triage: dropped by both annotators
https://github.com/meilisearch/meilisearch/pull/3997,no,triage: dropped by both annotators
https://github.com/qdrant/qdrant/pull/10439,no,triage: dropped by both annotators
https://github.com/influxdata/influxdb/issues/6525,no,triage: dropped by both annotators
https://github.com/risingwavelabs/risingwave/pull/16454,no,triage: dropped by both annotators
https://github.com/denoland/deno/pull/35752,no,triage: dropped by both annotators
https://github.com/denoland/deno/pull/34349,no,triage: dropped by both annotators
https://github.com/tokio-rs/axum/pull/1637,no,triage: dropped by both annotators
https://github.com/vectordotdev/vector/pull/23449,no,triage: dropped by both annotators
https://github.com/libp2p/rust-libp2p/pull/6226,no,triage: dropped by both annotators
https://github.com/influxdata/influxdb/issues/19035,no,triage: dropped by both annotators
https://github.com/oxidecomputer/omicron/pull/9070,no,triage: dropped by both annotators
https://github.com/influxdata/influxdb/issues/9253,no,triage: dropped by both annotators
https://github.com/influxdata/influxdb/issues/8356,no,triage: dropped by both annotators
https://github.com/neondatabase/neon/pull/9763,no,triage: dropped by both annotators
https://github.com/influxdata/influxdb/issues/3978,no,triage: dropped by both annotators
https://github.com/influxdata/influxdb/issues/5296,no,triage: dropped by both annotators
https://github.com/MaterializeInc/materialize/pull/4999,no,triage: dropped by both annotators
https://github.com/tokio-rs/tokio/issues/5785,no,triage: dropped by both annotators
https://github.com/vectordotdev/vector/pull/18475,no,triage: dropped by both annotators
https://github.com/databendlabs/databend/pull/3465,no,triage: dropped by both annotators
https://github.com/paritytech/polkadot-sdk/issues/11927,no,triage: dropped by both annotators
https://github.com/risingwavelabs/risingwave/pull/22889,no,triage: dropped by both annotators
https://github.com/denoland/deno/pull/32812,no,triage: dropped by both annotators
https://github.com/oxidecomputer/omicron/pull/5323,no,triage: dropped by both annotators
https://github.com/denoland/deno/pull/29470,no,triage: dropped by both annotators
https://github.com/tokio-rs/tokio/issues/4023,no,triage: dropped by both annotators
https://github.com/paritytech/polkadot-sdk/pull/12453,no,triage: dropped by both annotators
https://github.com/influxdata/influxdb/issues/7332,no,triage: dropped by both annotators
https://github.com/influxdata/influxdb/issues/12520,no,triage: dropped by both annotators
https://github.com/MaterializeInc/materialize/pull/9968,no,triage: dropped by both annotators
https://github.com/oxidecomputer/omicron/pull/2529,no,triage: dropped by both annotators
https://github.com/oxidecomputer/omicron/pull/8000,no,triage: dropped by both annotators
https://github.com/influxdata/influxdb/issues/7814,no,triage: dropped by both annotators
https://github.com/influxdata/influxdb/issues/16783,no,triage: dropped by both annotators
https://github.com/paritytech/polkadot-sdk/issues/6322,no,triage: dropped by both annotators
https://github.com/tokio-rs/tokio/pull/8160,no,triage: dropped by both annotators
https://github.com/databendlabs/databend/pull/8321,no,triage: dropped by both annotators
https://github.com/databendlabs/databend/pull/17934,no,triage: dropped by both annotators
https://github.com/influxdata/influxdb/issues/20944,no,triage: dropped by both annotators
https://github.com/risingwavelabs/risingwave/issues/3811,no,triage: dropped by both annotators
https://github.com/denoland/deno/issues/36752,no,triage: dropped by both annotators
https://github.com/databendlabs/databend/pull/19592,no,triage: dropped by both annotators
https://github.com/risingwavelabs/risingwave/pull/6256,no,triage: dropped by both annotators
https://github.com/MaterializeInc/materialize/pull/26281,no,triage: dropped by both annotators
https://github.com/influxdata/influxdb/pull/15226,no,triage: dropped by both annotators
https://github.com/oxidecomputer/omicron/pull/9320,no,triage: dropped by both annotators
https://github.com/vectordotdev/vector/issues/11650,no,triage: dropped by both annotators
https://github.com/tokio-rs/tokio/pull/6769,no,triage: dropped by both annotators
https://github.com/risingwavelabs/risingwave/issues/8101,no,triage: dropped by both annotators
https://github.com/risingwavelabs/risingwave/issues/24137,no,triage: dropped by both annotators
https://github.com/neondatabase/neon/pull/5004,no,triage: dropped by both annotators
https://github.com/risingwavelabs/risingwave/pull/24728,no,triage: dropped by both annotators
https://github.com/neondatabase/neon/pull/11357,no,triage: dropped by both annotators
https://github.com/risingwavelabs/risingwave/issues/15136,no,triage: dropped by both annotators
https://github.com/oxidecomputer/omicron/pull/6412,no,triage: dropped by both annotators
https://github.com/MaterializeInc/materialize/pull/36886,no,triage: dropped by both annotators
https://github.com/risingwavelabs/risingwave/pull/4401,no,triage: dropped by both annotators
https://github.com/oxidecomputer/omicron/issues/2483,no,triage: dropped by both annotators
https://github.com/oxidecomputer/omicron/pull/6016,no,triage: dropped by both annotators
https://github.com/influxdata/influxdb/issues/4453,no,triage: dropped by both annotators
https://github.com/influxdata/influxdb/issues/9281,no,triage: dropped by both annotators
https://github.com/databendlabs/databend/pull/14567,no,triage: dropped by both annotators
https://github.com/n0-computer/iroh/pull/3512,no,triage: dropped by both annotators
https://github.com/neondatabase/neon/pull/4450,no,triage: dropped by both annotators
https://github.com/MaterializeInc/materialize/pull/37067,no,triage: dropped by both annotators
https://github.com/influxdata/influxdb/issues/6086,no,triage: dropped by both annotators
https://github.com/oxidecomputer/omicron/pull/113,no,triage: dropped by both annotators
https://github.com/tokio-rs/tracing/pull/2575,no,triage: dropped by both annotators
https://github.com/qdrant/qdrant/issues/9241,no,triage: dropped by both annotators
https://github.com/risingwavelabs/risingwave/issues/7981,no,triage: dropped by both annotators
https://github.com/influxdata/influxdb/pull/8523,no,triage: dropped by both annotators
https://github.com/MaterializeInc/materialize/pull/9050,no,triage: dropped by both annotators
https://github.com/quinn-rs/quinn/issues/2619,no,triage: dropped by both annotators
https://github.com/qdrant/qdrant/issues/2623,no,triage: dropped by both annotators
https://github.com/risingwavelabs/risingwave/pull/1677,no,triage: dropped by both annotators
https://github.com/denoland/deno/pull/33752,no,triage: dropped by both annotators
https://github.com/cloudflare/pingora/issues/951,no,triage: dropped by both annotators
https://github.com/influxdata/influxdb/pull/19396,no,triage: dropped by both annotators
https://github.com/MaterializeInc/materialize/pull/28044,no,triage: dropped by both annotators
https://github.com/databendlabs/databend/issues/13052,no,triage: dropped by both annotators
https://github.com/oxidecomputer/omicron/pull/5273,no,triage: dropped by both annotators
https://github.com/databendlabs/databend/issues/19036,no,triage: dropped by both annotators
https://github.com/influxdata/influxdb/issues/954,no,triage: dropped by both annotators
https://github.com/vectordotdev/vector/issues/21895,no,triage: dropped by both annotators
https://github.com/influxdata/influxdb/issues/24263,no,triage: dropped by both annotators
https://github.com/risingwavelabs/risingwave/pull/6598,no,triage: dropped by both annotators
https://github.com/vectordotdev/vector/pull/14692,no,triage: dropped by both annotators
https://github.com/neondatabase/neon/issues/1195,no,triage: dropped by both annotators
https://github.com/vectordotdev/vector/pull/748,no,triage: dropped by both annotators
https://github.com/vectordotdev/vector/pull/26126,no,triage: dropped by both annotators
https://github.com/databendlabs/databend/issues/6093,no,triage: dropped by both annotators
https://github.com/databendlabs/databend/pull/16372,no,triage: dropped by both annotators
https://github.com/vectordotdev/vector/issues/2992,no,triage: dropped by both annotators
https://github.com/neondatabase/neon/pull/7473,no,triage: dropped by both annotators
https://github.com/MaterializeInc/materialize/pull/36085,no,triage: dropped by both annotators
https://github.com/tokio-rs/tokio/issues/6902,no,triage: dropped by both annotators
https://github.com/redis-rs/redis-rs/pull/898,no,triage: dropped by both annotators
https://github.com/vectordotdev/vector/issues/26035,no,triage: dropped by both annotators
https://github.com/databendlabs/databend/pull/10612,no,triage: dropped by both annotators
https://github.com/risingwavelabs/risingwave/issues/4735,no,triage: dropped by both annotators
https://github.com/paritytech/polkadot-sdk/issues/2323,no,triage: dropped by both annotators
https://github.com/databendlabs/databend/pull/19209,no,triage: dropped by both annotators
https://github.com/MaterializeInc/materialize/pull/29591,no,triage: dropped by both annotators
https://github.com/libp2p/rust-libp2p/issues/4345,no,triage: dropped by both annotators
https://github.com/denoland/deno/issues/30984,no,triage: dropped by both annotators
https://github.com/databendlabs/databend/issues/10462,no,triage: dropped by both annotators
https://github.com/risingwavelabs/risingwave/pull/1097,no,triage: dropped by both annotators
https://github.com/vectordotdev/vector/issues/10551,no,triage: dropped by both annotators
https://github.com/MaterializeInc/materialize/pull/7263,no,triage: dropped by both annotators
https://github.com/risingwavelabs/risingwave/pull/19577,no,triage: dropped by both annotators
https://github.com/databendlabs/databend/pull/20348,no,triage: dropped by both annotators
https://github.com/denoland/deno/issues/14615,no,triage: dropped by both annotators
https://github.com/vectordotdev/vector/pull/25234,no,triage: dropped by both annotators
https://github.com/denoland/deno/pull/26803,no,triage: dropped by both annotators
https://github.com/influxdata/influxdb/issues/18810,no,triage: dropped by both annotators
https://github.com/risingwavelabs/risingwave/issues/17991,no,triage: dropped by both annotators
https://github.com/denoland/deno/issues/27670,no,triage: dropped by both annotators
https://github.com/neondatabase/neon/pull/3520,no,triage: dropped by both annotators
https://github.com/MaterializeInc/materialize/pull/30083,no,triage: dropped by both annotators
https://github.com/influxdata/influxdb/issues/15626,no,triage: dropped by both annotators
https://github.com/databendlabs/databend/issues/20380,no,triage: dropped by both annotators
https://github.com/risingwavelabs/risingwave/pull/18063,no,triage: dropped by both annotators
https://github.com/risingwavelabs/risingwave/pull/20563,no,triage: dropped by both annotators
https://github.com/influxdata/influxdb/issues/5984,no,triage: dropped by both annotators
https://github.com/tokio-rs/tokio/pull/2622,no,triage: dropped by both annotators
https://github.com/tokio-rs/tokio/issues/7747,no,triage: dropped by both annotators
https://github.com/qdrant/qdrant/pull/9881,no,triage: dropped by both annotators
https://github.com/vectordotdev/vector/pull/25820,no,triage: dropped by both annotators
https://github.com/libp2p/rust-libp2p/issues/2556,no,triage: dropped by both annotators
https://github.com/neondatabase/neon/pull/1583,no,triage: dropped by both annotators
https://github.com/risingwavelabs/risingwave/issues/3450,no,triage: dropped by both annotators
https://github.com/oxidecomputer/omicron/pull/4304,no,triage: dropped by both annotators
https://github.com/risingwavelabs/risingwave/issues/26395,no,triage: dropped by both annotators
https://github.com/MaterializeInc/materialize/pull/16957,no,triage: dropped by both annotators
https://github.com/influxdata/influxdb/pull/7430,no,triage: dropped by both annotators
https://github.com/risingwavelabs/risingwave/pull/19556,no,triage: dropped by both annotators
https://github.com/influxdata/influxdb/issues/3446,no,triage: dropped by both annotators
https://github.com/risingwavelabs/risingwave/pull/24937,no,triage: dropped by both annotators
https://github.com/influxdata/influxdb/issues/6014,no,triage: dropped by both annotators
https://github.com/databendlabs/databend/pull/20295,no,triage: dropped by both annotators
https://github.com/risingwavelabs/risingwave/pull/18873,no,triage: dropped by both annotators
https://github.com/risingwavelabs/risingwave/pull/14977,no,triage: dropped by both annotators
https://github.com/influxdata/influxdb/issues/7590,no,triage: dropped by both annotators
https://github.com/MaterializeInc/materialize/pull/24497,no,triage: dropped by both annotators
https://github.com/databendlabs/databend/pull/19808,no,triage: dropped by both annotators
https://github.com/vectordotdev/vector/issues/21207,no,triage: dropped by both annotators
https://github.com/influxdata/influxdb/issues/25791,no,triage: dropped by both annotators
https://github.com/MaterializeInc/materialize/pull/7020,no,triage: dropped by both annotators
https://github.com/neondatabase/neon/pull/8224,no,triage: dropped by both annotators
https://github.com/databendlabs/databend/pull/3375,no,triage: dropped by both annotators
https://github.com/MaterializeInc/materialize/pull/37057,no,triage: dropped by both annotators
https://github.com/tokio-rs/tokio/issues/3407,no,triage: dropped by both annotators
https://github.com/MaterializeInc/materialize/pull/38196,no,triage: dropped by both annotators
https://github.com/neondatabase/neon/issues/9079,no,triage: dropped by both annotators
https://github.com/oxidecomputer/omicron/pull/10812,no,triage: dropped by both annotators
https://github.com/vectordotdev/vector/issues/8230,no,triage: dropped by both annotators
https://github.com/MaterializeInc/materialize/pull/19649,no,triage: dropped by both annotators
https://github.com/influxdata/influxdb/pull/7765,no,triage: dropped by both annotators
https://github.com/qdrant/qdrant/pull/7693,no,triage: dropped by both annotators
https://github.com/influxdata/influxdb/issues/12609,no,triage: dropped by both annotators
https://github.com/oxidecomputer/omicron/pull/5749,no,triage: dropped by both annotators
https://github.com/influxdata/influxdb/issues/8718,no,triage: dropped by both annotators
https://github.com/MaterializeInc/materialize/pull/19381,no,triage: dropped by both annotators
https://github.com/vectordotdev/vector/pull/10826,no,triage: dropped by both annotators
https://github.com/influxdata/influxdb/issues/8554,no,triage: dropped by both annotators
https://github.com/vectordotdev/vector/issues/13714,no,triage: dropped by both annotators
https://github.com/databendlabs/databend/pull/8503,no,triage: dropped by both annotators
https://github.com/databendlabs/databend/pull/11714,no,triage: dropped by both annotators
https://github.com/tokio-rs/tokio/pull/5497,no,triage: dropped by both annotators
https://github.com/tokio-rs/tokio/issues/7905,no,triage: dropped by both annotators
https://github.com/databendlabs/databend/pull/17628,no,triage: dropped by both annotators
https://github.com/influxdata/influxdb/pull/11130,no,triage: dropped by both annotators
https://github.com/risingwavelabs/risingwave/issues/3897,no,triage: dropped by both annotators
https://github.com/influxdata/influxdb/issues/7802,no,triage: dropped by both annotators
https://github.com/neondatabase/neon/issues/7732,no,triage: dropped by both annotators
https://github.com/tokio-rs/tokio/pull/8278,no,triage: dropped by both annotators
https://github.com/databendlabs/databend/pull/10650,no,triage: dropped by both annotators
https://github.com/tokio-rs/tokio/issues/2478,no,triage: dropped by both annotators
https://github.com/influxdata/influxdb/pull/14256,no,triage: dropped by both annotators
https://github.com/denoland/deno/issues/2456,no,triage: dropped by both annotators
https://github.com/MaterializeInc/materialize/pull/9489,no,triage: dropped by both annotators
https://github.com/MaterializeInc/materialize/pull/5898,no,triage: dropped by both annotators
https://github.com/influxdata/influxdb/issues/3768,no,triage: dropped by both annotators
https://github.com/denoland/deno/pull/29712,no,triage: dropped by both annotators
https://github.com/databendlabs/databend/issues/15569,no,triage: dropped by both annotators
https://github.com/quinn-rs/quinn/pull/2661,no,triage: dropped by both annotators
https://github.com/influxdata/influxdb/issues/3552,no,triage: dropped by both annotators
https://github.com/influxdata/influxdb/issues/22870,no,triage: dropped by both annotators
https://github.com/risingwavelabs/risingwave/pull/22932,no,triage: dropped by both annotators
https://github.com/libp2p/rust-libp2p/pull/6526,no,triage: dropped by both annotators
https://github.com/MaterializeInc/materialize/pull/38480,no,triage: dropped by both annotators
https://github.com/oxidecomputer/omicron/issues/2315,no,triage: dropped by both annotators
https://github.com/n0-computer/iroh/pull/2259,no,triage: dropped by both annotators
https://github.com/risingwavelabs/risingwave/pull/14172,no,triage: dropped by both annotators
https://github.com/MaterializeInc/materialize/pull/27988,no,triage: dropped by both annotators
https://github.com/paritytech/polkadot-sdk/pull/12814,no,triage: dropped by both annotators
https://github.com/MaterializeInc/materialize/pull/32514,no,triage: dropped by both annotators
https://github.com/tokio-rs/tokio/issues/3474,no,triage: dropped by both annotators
https://github.com/qdrant/qdrant/pull/49,no,triage: dropped by both annotators
https://github.com/influxdata/influxdb/issues/7001,no,triage: dropped by both annotators
https://github.com/vectordotdev/vector/pull/1991,no,triage: dropped by both annotators
https://github.com/quinn-rs/quinn/pull/2755,no,triage: dropped by both annotators
https://github.com/oxidecomputer/propolis/pull/147,no,triage: dropped by both annotators
https://github.com/risingwavelabs/risingwave/issues/16503,no,triage: dropped by both annotators
https://github.com/MaterializeInc/materialize/pull/33184,no,triage: dropped by both annotators
https://github.com/databendlabs/databend/issues/13873,no,triage: dropped by both annotators
https://github.com/denoland/deno/pull/33499,no,triage: dropped by both annotators
https://github.com/risingwavelabs/risingwave/issues/8530,no,triage: dropped by both annotators
https://github.com/neondatabase/neon/pull/5432,no,triage: dropped by both annotators
https://github.com/databendlabs/databend/pull/19981,no,triage: dropped by both annotators
https://github.com/tokio-rs/tokio/issues/5923,no,triage: dropped by both annotators
https://github.com/databendlabs/databend/pull/20002,no,triage: dropped by both annotators
https://github.com/MaterializeInc/materialize/pull/5627,no,triage: dropped by both annotators
https://github.com/MaterializeInc/materialize/pull/19780,no,triage: dropped by both annotators
https://github.com/MaterializeInc/materialize/pull/18107,no,triage: dropped by both annotators
https://github.com/risingwavelabs/risingwave/issues/11746,no,triage: dropped by both annotators
https://github.com/vectordotdev/vector/pull/158,no,triage: dropped by both annotators
https://github.com/denoland/deno/issues/20136,no,triage: dropped by both annotators
https://github.com/databendlabs/databend/pull/17710,no,triage: dropped by both annotators
https://github.com/denoland/deno/issues/35059,no,triage: dropped by both annotators
https://github.com/qdrant/qdrant/pull/9142,no,triage: dropped by both annotators
https://github.com/databendlabs/databend/pull/20309,no,triage: dropped by both annotators
https://github.com/risingwavelabs/risingwave/pull/11767,no,triage: dropped by both annotators
https://github.com/tokio-rs/tokio/pull/8159,no,triage: dropped by both annotators
https://github.com/oxidecomputer/omicron/pull/6805,no,triage: dropped by both annotators
https://github.com/libp2p/rust-libp2p/pull/6468,no,triage: dropped by both annotators
https://github.com/influxdata/influxdb/issues/3087,no,triage: dropped by both annotators
https://github.com/influxdata/influxdb/issues/10500,no,triage: dropped by both annotators
https://github.com/qdrant/qdrant/pull/9301,no,triage: dropped by both annotators
https://github.com/MaterializeInc/materialize/pull/15328,no,triage: dropped by both annotators
https://github.com/neondatabase/neon/pull/784,no,triage: dropped by both annotators
https://github.com/tokio-rs/tokio/pull/5626,no,triage: dropped by both annotators
https://github.com/qdrant/qdrant/pull/6986,no,triage: dropped by both annotators
https://github.com/MaterializeInc/materialize/pull/23845,no,triage: dropped by both annotators
https://github.com/MaterializeInc/materialize/pull/20267,no,triage: dropped by both annotators
https://github.com/meilisearch/meilisearch/issues/2554,no,triage: dropped by both annotators
https://github.com/risingwavelabs/risingwave/issues/10109,no,triage: dropped by both annotators
https://github.com/databendlabs/databend/issues/8437,no,triage: dropped by both annotators
https://github.com/influxdata/influxdb/pull/5000,no,triage: dropped by both annotators
https://github.com/linkerd/linkerd2-proxy/pull/790,no,triage: dropped by both annotators
https://github.com/tokio-rs/tokio/pull/634,no,triage: dropped by both annotators
https://github.com/tokio-rs/tokio/pull/7577,no,triage: dropped by both annotators
https://github.com/neondatabase/neon/pull/11990,no,triage: dropped by both annotators
https://github.com/neondatabase/neon/pull/5792,no,triage: dropped by both annotators
https://github.com/tokio-rs/tracing/issues/639,no,triage: dropped by both annotators
https://github.com/influxdata/influxdb/pull/22910,no,triage: dropped by both annotators
https://github.com/MaterializeInc/materialize/pull/11046,no,triage: dropped by both annotators
https://github.com/libp2p/rust-libp2p/pull/1334,no,triage: dropped by both annotators
https://github.com/libp2p/rust-libp2p/pull/6428,no,triage: dropped by both annotators
https://github.com/databendlabs/databend/issues/19672,no,triage: dropped by both annotators
https://github.com/risingwavelabs/risingwave/pull/22917,no,triage: dropped by both annotators
https://github.com/databendlabs/databend/pull/3818,no,triage: dropped by both annotators
https://github.com/MaterializeInc/materialize/pull/11243,no,triage: dropped by both annotators
https://github.com/influxdata/influxdb/issues/1164,no,triage: dropped by both annotators
https://github.com/qdrant/qdrant/pull/10441,no,triage: dropped by both annotators
https://github.com/vectordotdev/vector/issues/22094,no,triage: dropped by both annotators
https://github.com/linkerd/linkerd2-proxy/pull/2419,no,triage: dropped by both annotators
https://github.com/qdrant/qdrant/pull/5352,no,triage: dropped by both annotators
https://github.com/MaterializeInc/materialize/pull/37853,no,triage: dropped by both annotators
https://github.com/meilisearch/meilisearch/pull/5131,no,triage: dropped by both annotators
https://github.com/hyperium/h2/issues/2,no,triage: dropped by both annotators
https://github.com/qdrant/qdrant/pull/7358,no,triage: dropped by both annotators
https://github.com/MaterializeInc/materialize/pull/14582,no,triage: dropped by both annotators
https://github.com/oxidecomputer/omicron/pull/9403,no,triage: dropped by both annotators
https://github.com/tokio-rs/tracing/issues/2706,no,triage: dropped by both annotators
https://github.com/paritytech/polkadot-sdk/issues/12596,no,triage: dropped by both annotators
https://github.com/databendlabs/databend/pull/7870,no,triage: dropped by both annotators
https://github.com/neondatabase/neon/issues/3141,no,triage: dropped by both annotators
https://github.com/influxdata/influxdb/issues/23715,no,triage: dropped by both annotators
https://github.com/oxidecomputer/omicron/issues/4221,no,triage: dropped by both annotators
https://github.com/qdrant/qdrant/pull/7573,no,triage: dropped by both annotators
https://github.com/databendlabs/databend/issues/5660,no,triage: dropped by both annotators
https://github.com/influxdata/influxdb/issues/4619,no,triage: dropped by both annotators
https://github.com/influxdata/influxdb/issues/8536,no,triage: dropped by both annotators
https://github.com/MaterializeInc/materialize/pull/20600,no,triage: dropped by both annotators
https://github.com/tokio-rs/tokio/issues/5541,no,triage: dropped by both annotators
https://github.com/MaterializeInc/materialize/pull/22060,no,triage: dropped by both annotators
https://github.com/risingwavelabs/risingwave/issues/6569,no,triage: dropped by both annotators
https://github.com/influxdata/influxdb/issues/896,no,triage: dropped by both annotators
https://github.com/denoland/deno/issues/21887,no,triage: dropped by both annotators
https://github.com/oxidecomputer/omicron/issues/8595,no,triage: dropped by both annotators
https://github.com/vectordotdev/vector/pull/13240,no,triage: dropped by both annotators
https://github.com/vectordotdev/vector/pull/4609,no,triage: dropped by both annotators
https://github.com/risingwavelabs/risingwave/issues/7803,no,triage: dropped by both annotators
https://github.com/tokio-rs/tokio/issues/4470,no,triage: dropped by both annotators
https://github.com/denoland/deno/issues/20661,no,triage: dropped by both annotators
https://github.com/databendlabs/databend/issues/9882,no,triage: dropped by both annotators
https://github.com/vectordotdev/vector/pull/24116,no,triage: dropped by both annotators
https://github.com/influxdata/influxdb/issues/24251,no,triage: dropped by both annotators
https://github.com/libp2p/rust-libp2p/pull/6275,no,triage: dropped by both annotators
https://github.com/oxidecomputer/omicron/issues/3207,no,triage: dropped by both annotators
https://github.com/vectordotdev/vector/issues/21084,no,triage: dropped by both annotators
https://github.com/oxidecomputer/omicron/pull/6652,no,triage: dropped by both annotators
https://github.com/denoland/deno/pull/33659,no,triage: dropped by both annotators
https://github.com/oxidecomputer/omicron/pull/4822,no,triage: dropped by both annotators
https://github.com/databendlabs/databend/issues/514,no,triage: dropped by both annotators
https://github.com/denoland/deno/pull/24562,no,triage: dropped by both annotators
https://github.com/MaterializeInc/materialize/pull/22270,no,triage: dropped by both annotators
https://github.com/risingwavelabs/risingwave/pull/9152,no,triage: dropped by both annotators
https://github.com/MaterializeInc/materialize/pull/16037,no,triage: dropped by both annotators
https://github.com/MaterializeInc/materialize/pull/5849,no,triage: dropped by both annotators
https://github.com/libp2p/rust-libp2p/pull/6192,no,triage: dropped by both annotators
https://github.com/vectordotdev/vector/pull/14449,no,triage: dropped by both annotators
https://github.com/MaterializeInc/materialize/pull/25994,no,triage: dropped by both annotators
https://github.com/vectordotdev/vector/issues/24542,no,triage: dropped by both annotators
https://github.com/tokio-rs/tokio/pull/1663,no,triage: dropped by both annotators
https://github.com/databendlabs/databend/pull/14602,no,triage: dropped by both annotators
https://github.com/risingwavelabs/risingwave/issues/24325,no,triage: dropped by both annotators
https://github.com/databendlabs/databend/issues/14283,no,triage: dropped by both annotators
https://github.com/oxidecomputer/omicron/pull/29,no,triage: dropped by both annotators
https://github.com/influxdata/influxdb/issues/3542,no,triage: dropped by both annotators
https://github.com/databendlabs/databend/pull/19673,no,triage: dropped by both annotators
https://github.com/influxdata/influxdb/issues/8499,no,triage: dropped by both annotators
https://github.com/risingwavelabs/risingwave/pull/19274,no,triage: dropped by both annotators
https://github.com/databendlabs/databend/issues/9549,no,triage: dropped by both annotators
https://github.com/risingwavelabs/risingwave/pull/21984,no,triage: dropped by both annotators
https://github.com/risingwavelabs/risingwave/issues/15623,no,triage: dropped by both annotators
https://github.com/MaterializeInc/materialize/pull/19190,no,triage: dropped by both annotators
https://github.com/denoland/deno/pull/36268,no,triage: dropped by both annotators
https://github.com/neondatabase/neon/issues/5825,no,triage: dropped by both annotators
https://github.com/vectordotdev/vector/issues/741,no,triage: dropped by both annotators
https://github.com/libp2p/rust-libp2p/pull/6404,no,triage: dropped by both annotators
https://github.com/libp2p/rust-libp2p/pull/6263,no,triage: dropped by both annotators
https://github.com/databendlabs/databend/pull/18043,no,triage: dropped by both annotators
https://github.com/oxidecomputer/omicron/issues/1734,no,triage: dropped by both annotators
https://github.com/databendlabs/databend/issues/14749,no,triage: dropped by both annotators
https://github.com/tokio-rs/tokio/pull/3243,no,triage: dropped by both annotators
https://github.com/paritytech/polkadot-sdk/pull/8541,no,triage: dropped by both annotators
https://github.com/influxdata/influxdb/issues/15307,no,triage: dropped by both annotators
https://github.com/paritytech/polkadot-sdk/issues/208,no,triage: dropped by both annotators
https://github.com/qdrant/qdrant/pull/7015,no,triage: dropped by both annotators
https://github.com/influxdata/influxdb/issues/5548,no,triage: dropped by both annotators
https://github.com/influxdata/influxdb/issues/21173,no,triage: dropped by both annotators
https://github.com/tokio-rs/tokio/pull/4867,no,triage: dropped by both annotators
https://github.com/tokio-rs/tokio/pull/6555,no,triage: dropped by both annotators
https://github.com/paritytech/polkadot-sdk/pull/6897,no,triage: dropped by both annotators
https://github.com/risingwavelabs/risingwave/pull/19232,no,triage: dropped by both annotators
https://github.com/MaterializeInc/materialize/pull/23543,no,triage: dropped by both annotators
https://github.com/influxdata/influxdb/issues/6412,no,triage: dropped by both annotators
https://github.com/MaterializeInc/materialize/pull/38344,no,triage: dropped by both annotators
https://github.com/influxdata/influxdb/issues/7262,no,triage: dropped by both annotators
https://github.com/neondatabase/neon/pull/11632,no,triage: dropped by both annotators
https://github.com/linkerd/linkerd2-proxy/pull/4618,no,triage: dropped by both annotators
https://github.com/databendlabs/databend/issues/3095,no,triage: dropped by both annotators
https://github.com/vectordotdev/vector/issues/19466,no,triage: dropped by both annotators
https://github.com/risingwavelabs/risingwave/pull/20167,no,triage: dropped by both annotators
https://github.com/influxdata/influxdb/pull/5151,no,triage: dropped by both annotators
https://github.com/qdrant/qdrant/pull/8830,no,triage: dropped by both annotators
https://github.com/risingwavelabs/risingwave/pull/710,no,triage: dropped by both annotators
https://github.com/vectordotdev/vector/pull/2558,no,triage: dropped by both annotators
https://github.com/risingwavelabs/risingwave/pull/15614,no,triage: dropped by both annotators
https://github.com/risingwavelabs/risingwave/issues/19177,no,triage: dropped by both annotators
https://github.com/databendlabs/databend/issues/7139,no,triage: dropped by both annotators
https://github.com/databendlabs/databend/issues/14285,no,triage: dropped by both annotators
https://github.com/MaterializeInc/materialize/pull/14050,no,triage: dropped by both annotators
https://github.com/influxdata/influxdb/issues/4113,no,triage: dropped by both annotators
https://github.com/vectordotdev/vector/pull/8112,no,triage: dropped by both annotators
https://github.com/MaterializeInc/materialize/pull/10679,no,triage: dropped by both annotators
https://github.com/MaterializeInc/materialize/pull/34519,no,triage: dropped by both annotators
https://github.com/denoland/deno/pull/34845,no,triage: dropped by both annotators
https://github.com/databendlabs/databend/pull/14525,no,triage: dropped by both annotators
https://github.com/MaterializeInc/materialize/pull/6078,no,triage: dropped by both annotators
https://github.com/denoland/deno/pull/33412,no,triage: dropped by both annotators
https://github.com/risingwavelabs/risingwave/pull/13229,no,triage: dropped by both annotators
https://github.com/MaterializeInc/materialize/pull/8947,no,triage: dropped by both annotators
https://github.com/qdrant/qdrant/pull/5492,no,triage: dropped by both annotators
https://github.com/influxdata/influxdb/pull/25166,no,triage: dropped by both annotators
https://github.com/influxdata/influxdb/issues/12376,no,triage: dropped by both annotators
https://github.com/neondatabase/neon/pull/3388,no,triage: dropped by both annotators
https://github.com/libp2p/rust-libp2p/pull/2647,no,triage: dropped by both annotators
https://github.com/MaterializeInc/materialize/pull/37533,no,triage: dropped by both annotators
https://github.com/qdrant/qdrant/pull/10305,no,triage: dropped by both annotators
https://github.com/influxdata/influxdb/issues/6953,no,triage: dropped by both annotators
https://github.com/cloudflare/pingora/issues/465,no,triage: dropped by both annotators
https://github.com/libp2p/rust-libp2p/pull/356,no,triage: dropped by both annotators
https://github.com/risingwavelabs/risingwave/issues/4344,no,triage: dropped by both annotators
https://github.com/vectordotdev/vector/pull/25724,no,triage: dropped by both annotators
https://github.com/quinn-rs/quinn/pull/469,no,triage: dropped by both annotators
https://github.com/qdrant/qdrant/pull/8195,no,triage: dropped by both annotators
https://github.com/influxdata/influxdb/pull/25085,no,triage: dropped by both annotators
https://github.com/tokio-rs/tokio/issues/7138,no,triage: dropped by both annotators
https://github.com/quinn-rs/quinn/issues/1231,no,triage: dropped by both annotators
https://github.com/databendlabs/databend/pull/12535,no,triage: dropped by both annotators
https://github.com/grpc/grpc-rust/pull/931,no,triage: dropped by both annotators
https://github.com/databendlabs/databend/pull/19765,no,triage: dropped by both annotators
https://github.com/MaterializeInc/materialize/pull/25975,no,triage: dropped by both annotators
https://github.com/risingwavelabs/risingwave/issues/8165,no,triage: dropped by both annotators
https://github.com/MaterializeInc/materialize/pull/33410,no,triage: dropped by both annotators
https://github.com/cloudflare/pingora/issues/844,no,triage: dropped by both annotators
https://github.com/hyperium/hyper/issues/2897,no,triage: dropped by both annotators
https://github.com/influxdata/influxdb/issues/8244,no,triage: dropped by both annotators
https://github.com/databendlabs/databend/issues/7861,no,triage: dropped by both annotators
https://github.com/oxidecomputer/omicron/pull/10306,no,triage: dropped by both annotators
https://github.com/n0-computer/iroh/pull/3237,no,triage: dropped by both annotators
https://github.com/vectordotdev/vector/pull/12767,no,triage: dropped by both annotators
https://github.com/influxdata/influxdb/issues/9859,no,triage: dropped by both annotators
https://github.com/MaterializeInc/materialize/pull/12597,no,triage: dropped by both annotators
https://github.com/qdrant/qdrant/pull/7041,no,triage: dropped by both annotators
https://github.com/n0-computer/iroh/issues/2800,no,triage: dropped by both annotators
https://github.com/meilisearch/meilisearch/pull/3236,no,triage: dropped by both annotators
https://github.com/qdrant/qdrant/pull/2728,no,triage: dropped by both annotators
https://github.com/qdrant/qdrant/pull/10352,no,triage: dropped by both annotators
https://github.com/tokio-rs/tracing/issues/407,no,triage: dropped by both annotators
https://github.com/vectordotdev/vector/pull/25414,no,triage: dropped by both annotators
https://github.com/tokio-rs/tracing/issues/2411,no,triage: dropped by both annotators
https://github.com/denoland/deno/issues/32639,no,triage: dropped by both annotators
https://github.com/cloudflare/pingora/pull/541,no,triage: dropped by both annotators
https://github.com/neondatabase/neon/issues/12098,no,triage: dropped by both annotators
https://github.com/paritytech/polkadot-sdk/issues/763,no,triage: dropped by both annotators
https://github.com/influxdata/influxdb/issues/8213,no,triage: dropped by both annotators
https://github.com/MaterializeInc/materialize/pull/20642,no,triage: dropped by both annotators
https://github.com/qdrant/qdrant/pull/9109,no,triage: dropped by both annotators
https://github.com/influxdata/influxdb/issues/24279,no,triage: dropped by both annotators
https://github.com/oxidecomputer/omicron/pull/8034,no,triage: dropped by both annotators
https://github.com/tokio-rs/tokio/issues/2968,no,triage: dropped by both annotators
https://github.com/vectordotdev/vector/issues/10115,no,triage: dropped by both annotators
https://github.com/MaterializeInc/materialize/pull/24668,no,triage: dropped by both annotators
https://github.com/influxdata/influxdb/pull/7646,no,triage: dropped by both annotators
https://github.com/MaterializeInc/materialize/pull/10556,no,triage: dropped by both annotators
https://github.com/influxdata/influxdb/issues/10268,no,triage: dropped by both annotators
https://github.com/neondatabase/neon/issues/12849,no,triage: dropped by both annotators
https://github.com/denoland/deno/issues/4862,no,triage: dropped by both annotators
https://github.com/n0-computer/iroh/pull/1029,no,triage: dropped by both annotators
https://github.com/influxdata/influxdb/issues/5845,no,triage: dropped by both annotators
https://github.com/MaterializeInc/materialize/pull/3686,no,triage: dropped by both annotators
https://github.com/MaterializeInc/materialize/pull/37296,no,triage: dropped by both annotators
https://github.com/denoland/deno/issues/5723,no,triage: dropped by both annotators
https://github.com/qdrant/qdrant/pull/8507,no,triage: dropped by both annotators
https://github.com/libp2p/rust-libp2p/issues/2942,no,triage: dropped by both annotators
https://github.com/redis-rs/redis-rs/issues/1312,no,triage: dropped by both annotators
https://github.com/databendlabs/databend/issues/7724,no,triage: dropped by both annotators
https://github.com/influxdata/influxdb/issues/7006,no,triage: dropped by both annotators
https://github.com/MaterializeInc/materialize/pull/22560,no,triage: dropped by both annotators
https://github.com/databendlabs/databend/issues/19600,no,triage: dropped by both annotators
https://github.com/denoland/deno/issues/17929,no,triage: dropped by both annotators
https://github.com/neondatabase/neon/pull/3519,no,triage: dropped by both annotators
https://github.com/influxdata/influxdb/issues/23797,no,triage: dropped by both annotators
https://github.com/influxdata/influxdb/issues/8353,no,triage: dropped by both annotators
https://github.com/n0-computer/iroh/pull/3440,no,triage: dropped by both annotators
https://github.com/redis-rs/redis-rs/issues/77,no,triage: dropped by both annotators
https://github.com/MaterializeInc/materialize/pull/36869,no,triage: dropped by both annotators
https://github.com/MaterializeInc/materialize/pull/30171,no,triage: dropped by both annotators
https://github.com/qdrant/qdrant/pull/9564,no,triage: dropped by both annotators
https://github.com/risingwavelabs/risingwave/pull/8644,no,triage: dropped by both annotators
https://github.com/influxdata/influxdb/issues/7846,no,triage: dropped by both annotators
https://github.com/risingwavelabs/risingwave/issues/12238,no,triage: dropped by both annotators
https://github.com/qdrant/qdrant/pull/9804,no,triage: dropped by both annotators
https://github.com/paritytech/polkadot-sdk/pull/8839,no,triage: dropped by both annotators
https://github.com/databendlabs/databend/issues/5225,no,triage: dropped by both annotators
https://github.com/MaterializeInc/materialize/pull/14044,no,triage: dropped by both annotators
https://github.com/vectordotdev/vector/pull/25448,no,triage: dropped by both annotators
https://github.com/neondatabase/neon/pull/5524,no,triage: dropped by both annotators
https://github.com/neondatabase/neon/issues/6629,no,triage: dropped by both annotators
https://github.com/influxdata/influxdb/pull/1935,no,triage: dropped by both annotators
https://github.com/MaterializeInc/materialize/pull/32994,no,triage: dropped by both annotators
https://github.com/MaterializeInc/materialize/pull/14661,no,triage: dropped by both annotators
https://github.com/paritytech/polkadot-sdk/pull/2180,no,triage: dropped by both annotators
https://github.com/influxdata/influxdb/issues/7774,no,triage: dropped by both annotators
https://github.com/qdrant/qdrant/pull/7180,no,triage: dropped by both annotators
https://github.com/influxdata/influxdb/issues/4907,no,triage: dropped by both annotators
https://github.com/paritytech/polkadot-sdk/issues/932,no,triage: dropped by both annotators
https://github.com/risingwavelabs/risingwave/issues/4220,no,triage: dropped by both annotators
https://github.com/risingwavelabs/risingwave/issues/26158,no,triage: dropped by both annotators
https://github.com/databendlabs/databend/pull/7777,no,triage: dropped by both annotators
https://github.com/vectordotdev/vector/issues/3212,no,triage: dropped by both annotators
https://github.com/risingwavelabs/risingwave/issues/26460,no,triage: dropped by both annotators
https://github.com/neondatabase/neon/pull/6530,no,triage: dropped by both annotators
https://github.com/risingwavelabs/risingwave/pull/12291,no,triage: dropped by both annotators
https://github.com/influxdata/influxdb/issues/22386,no,triage: dropped by both annotators
https://github.com/hyperium/h2/pull/918,no,triage: dropped by both annotators
https://github.com/tokio-rs/axum/issues/2197,no,triage: dropped by both annotators
https://github.com/tokio-rs/tokio/pull/5781,no,triage: dropped by both annotators
https://github.com/qdrant/qdrant/pull/7128,no,triage: dropped by both annotators
https://github.com/libp2p/rust-libp2p/pull/4053,no,triage: dropped by both annotators
https://github.com/tokio-rs/tokio/pull/3603,no,triage: dropped by both annotators
https://github.com/qdrant/qdrant/pull/7067,no,triage: dropped by both annotators
https://github.com/tokio-rs/tokio/issues/7266,no,triage: dropped by both annotators
https://github.com/n0-computer/iroh/issues/3978,no,triage: dropped by both annotators
https://github.com/influxdata/influxdb/issues/5374,no,triage: dropped by both annotators
https://github.com/influxdata/influxdb/pull/23091,no,triage: dropped by both annotators
https://github.com/risingwavelabs/risingwave/issues/7763,no,triage: dropped by both annotators
https://github.com/risingwavelabs/risingwave/issues/16952,no,triage: dropped by both annotators
https://github.com/MaterializeInc/materialize/pull/12216,no,triage: dropped by both annotators
https://github.com/influxdata/influxdb/issues/12162,no,triage: dropped by both annotators
https://github.com/influxdata/influxdb/issues/10547,no,triage: dropped by both annotators
https://github.com/influxdata/influxdb/issues/3525,no,triage: dropped by both annotators
https://github.com/qdrant/qdrant/pull/10416,no,triage: dropped by both annotators
https://github.com/neondatabase/neon/pull/6404,no,triage: dropped by both annotators
https://github.com/denoland/deno/issues/15551,no,triage: dropped by both annotators
https://github.com/risingwavelabs/risingwave/pull/26233,no,triage: dropped by both annotators
https://github.com/influxdata/influxdb/pull/25827,no,triage: dropped by both annotators
https://github.com/MaterializeInc/materialize/pull/37078,no,triage: dropped by both annotators
https://github.com/databendlabs/databend/pull/13685,no,triage: dropped by both annotators
https://github.com/libp2p/rust-libp2p/pull/6480,no,triage: dropped by both annotators
https://github.com/influxdata/influxdb/issues/7469,no,triage: dropped by both annotators
https://github.com/denoland/deno/issues/18667,no,triage: dropped by both annotators
https://github.com/influxdata/influxdb/issues/15632,no,triage: dropped by both annotators
https://github.com/vectordotdev/vector/pull/5647,no,triage: dropped by both annotators
https://github.com/influxdata/influxdb/issues/8218,no,triage: dropped by both annotators
https://github.com/vectordotdev/vector/pull/16747,no,triage: dropped by both annotators
https://github.com/denoland/deno/pull/35108,no,triage: dropped by both annotators
https://github.com/influxdata/influxdb/issues/8548,no,triage: dropped by both annotators
https://github.com/qdrant/qdrant/pull/8221,no,triage: dropped by both annotators
https://github.com/denoland/deno/pull/8822,no,triage: dropped by both annotators
https://github.com/MaterializeInc/materialize/pull/20466,no,triage: dropped by both annotators
https://github.com/paritytech/polkadot-sdk/pull/5446,no,triage: dropped by both annotators
https://github.com/databendlabs/databend/issues/20421,no,triage: dropped by both annotators
https://github.com/neondatabase/neon/pull/6037,no,triage: dropped by both annotators
https://github.com/MaterializeInc/materialize/pull/37905,no,triage: dropped by both annotators
https://github.com/denoland/deno/pull/19070,no,triage: dropped by both annotators
https://github.com/risingwavelabs/risingwave/pull/12502,no,triage: dropped by both annotators
https://github.com/databendlabs/databend/issues/19872,no,triage: dropped by both annotators
https://github.com/vectordotdev/vector/pull/25156,no,triage: dropped by both annotators
https://github.com/tokio-rs/tokio/issues/3420,no,triage: dropped by both annotators
https://github.com/neondatabase/neon/pull/11058,no,triage: dropped by both annotators
https://github.com/oxidecomputer/omicron/pull/10774,no,triage: dropped by both annotators
https://github.com/vectordotdev/vector/issues/7934,no,triage: dropped by both annotators
https://github.com/influxdata/influxdb/issues/7395,no,triage: dropped by both annotators
https://github.com/databendlabs/databend/pull/19924,no,triage: dropped by both annotators
https://github.com/vectordotdev/vector/issues/9777,no,triage: dropped by both annotators
https://github.com/influxdata/influxdb/issues/24240,no,triage: dropped by both annotators
https://github.com/tokio-rs/tracing/issues/1028,no,triage: dropped by both annotators
https://github.com/databendlabs/databend/pull/17949,no,triage: dropped by both annotators
https://github.com/influxdata/influxdb/issues/8898,no,triage: dropped by both annotators
https://github.com/libp2p/rust-libp2p/pull/6527,no,triage: dropped by both annotators
https://github.com/risingwavelabs/risingwave/issues/17461,no,triage: dropped by both annotators
https://github.com/meilisearch/meilisearch/issues/4995,no,triage: dropped by both annotators
https://github.com/quinn-rs/quinn/issues/2024,no,triage: dropped by both annotators
https://github.com/risingwavelabs/risingwave/issues/15480,no,triage: dropped by both annotators
https://github.com/oxidecomputer/omicron/pull/8075,no,triage: dropped by both annotators
https://github.com/qdrant/qdrant/pull/7474,no,triage: dropped by both annotators
https://github.com/influxdata/influxdb/issues/27589,no,triage: dropped by both annotators
https://github.com/databendlabs/databend/pull/16069,no,triage: dropped by both annotators
https://github.com/qdrant/qdrant/pull/9652,no,triage: dropped by both annotators
https://github.com/influxdata/influxdb/issues/15370,no,triage: dropped by both annotators
https://github.com/qdrant/qdrant/pull/7757,no,triage: dropped by both annotators
https://github.com/influxdata/influxdb/pull/13913,no,triage: dropped by both annotators
https://github.com/influxdata/influxdb/issues/9093,no,triage: dropped by both annotators
https://github.com/oxidecomputer/omicron/issues/6615,no,triage: dropped by both annotators
https://github.com/influxdata/influxdb/pull/8194,no,triage: dropped by both annotators
https://github.com/libp2p/rust-libp2p/pull/6385,no,triage: dropped by both annotators
https://github.com/libp2p/rust-libp2p/pull/6211,no,triage: dropped by both annotators
https://github.com/tokio-rs/tokio/pull/1652,no,triage: dropped by both annotators
https://github.com/oxidecomputer/propolis/pull/166,no,triage: dropped by both annotators
https://github.com/databendlabs/databend/issues/17085,no,triage: dropped by both annotators
https://github.com/oxidecomputer/omicron/pull/6729,no,triage: dropped by both annotators
https://github.com/influxdata/influxdb/issues/7045,no,triage: dropped by both annotators
https://github.com/libp2p/rust-libp2p/pull/2899,no,triage: dropped by both annotators
https://github.com/influxdata/influxdb/issues/10476,no,triage: dropped by both annotators
https://github.com/influxdata/influxdb/issues/27593,no,triage: dropped by both annotators
https://github.com/libp2p/rust-libp2p/pull/6394,no,triage: dropped by both annotators
https://github.com/libp2p/rust-libp2p/issues/5155,no,triage: dropped by both annotators
https://github.com/MaterializeInc/materialize/pull/38403,no,triage: dropped by both annotators
https://github.com/MaterializeInc/materialize/pull/35347,no,triage: dropped by both annotators
https://github.com/databendlabs/databend/issues/16797,no,triage: dropped by both annotators
https://github.com/MaterializeInc/materialize/pull/38454,no,triage: dropped by both annotators
https://github.com/qdrant/qdrant/pull/9894,no,triage: dropped by both annotators
https://github.com/vectordotdev/vector/issues/7750,no,triage: dropped by both annotators
https://github.com/n0-computer/iroh/pull/2965,no,triage: dropped by both annotators
https://github.com/oxidecomputer/omicron/pull/531,no,triage: dropped by both annotators
https://github.com/MaterializeInc/materialize/pull/9102,no,triage: dropped by both annotators
https://github.com/databendlabs/databend/issues/3749,no,triage: dropped by both annotators
https://github.com/risingwavelabs/risingwave/issues/19865,no,triage: dropped by both annotators
https://github.com/tokio-rs/tokio/issues/5324,no,triage: dropped by both annotators
https://github.com/vectordotdev/vector/pull/22041,no,triage: dropped by both annotators
https://github.com/linkerd/linkerd2-proxy/pull/2115,no,triage: dropped by both annotators
https://github.com/vectordotdev/vector/pull/26387,no,triage: dropped by both annotators
https://github.com/qdrant/qdrant/pull/7146,no,triage: dropped by both annotators
https://github.com/influxdata/influxdb/issues/18855,no,triage: dropped by both annotators
https://github.com/vectordotdev/vector/pull/11985,no,triage: dropped by both annotators
https://github.com/influxdata/influxdb/issues/6220,no,triage: dropped by both annotators
https://github.com/paritytech/polkadot-sdk/issues/752,no,triage: dropped by both annotators
https://github.com/influxdata/influxdb/issues/6751,no,triage: dropped by both annotators
https://github.com/databendlabs/databend/issues/7464,no,triage: dropped by both annotators
https://github.com/influxdata/influxdb/issues/9560,no,triage: dropped by both annotators
https://github.com/quinn-rs/quinn/pull/1013,no,triage: dropped by both annotators
https://github.com/tokio-rs/tracing/pull/1779,no,triage: dropped by both annotators
https://github.com/influxdata/influxdb/issues/1493,no,triage: dropped by both annotators
https://github.com/libp2p/rust-libp2p/pull/6364,no,triage: dropped by both annotators
https://github.com/influxdata/influxdb/issues/3990,no,triage: dropped by both annotators
https://github.com/qdrant/qdrant/pull/9033,no,triage: dropped by both annotators
https://github.com/risingwavelabs/risingwave/pull/12153,no,triage: dropped by both annotators
https://github.com/risingwavelabs/risingwave/pull/4888,no,triage: dropped by both annotators
https://github.com/databendlabs/databend/issues/18347,no,triage: dropped by both annotators
https://github.com/influxdata/influxdb/issues/2169,no,triage: dropped by both annotators
https://github.com/risingwavelabs/risingwave/issues/5111,no,triage: dropped by both annotators
https://github.com/grpc/grpc-rust/pull/1874,no,triage: dropped by both annotators
https://github.com/n0-computer/iroh/pull/854,no,triage: dropped by both annotators
https://github.com/risingwavelabs/risingwave/pull/6949,no,triage: dropped by both annotators
https://github.com/tokio-rs/tokio/pull/8500,no,triage: dropped by both annotators
https://github.com/risingwavelabs/risingwave/pull/26294,no,triage: dropped by both annotators
https://github.com/risingwavelabs/risingwave/issues/13207,no,triage: dropped by both annotators
https://github.com/denoland/deno/pull/6285,no,triage: dropped by both annotators
https://github.com/influxdata/influxdb/issues/513,no,triage: dropped by both annotators
https://github.com/influxdata/influxdb/issues/4287,no,triage: dropped by both annotators
https://github.com/libp2p/rust-libp2p/pull/3468,no,triage: dropped by both annotators
https://github.com/MaterializeInc/materialize/pull/23078,no,triage: dropped by both annotators
https://github.com/risingwavelabs/risingwave/pull/17334,no,triage: dropped by both annotators
https://github.com/tokio-rs/tokio/pull/5398,no,triage: dropped by both annotators
https://github.com/influxdata/influxdb/issues/2890,no,triage: dropped by both annotators
https://github.com/paritytech/polkadot-sdk/issues/13174,no,triage: dropped by both annotators
https://github.com/vectordotdev/vector/pull/6610,no,triage: dropped by both annotators
https://github.com/neondatabase/neon/pull/7226,no,triage: dropped by both annotators
https://github.com/MaterializeInc/materialize/pull/8057,no,triage: dropped by both annotators
https://github.com/influxdata/influxdb/issues/14198,no,triage: dropped by both annotators
https://github.com/vectordotdev/vector/pull/22479,no,triage: dropped by both annotators
https://github.com/influxdata/influxdb/pull/6082,no,triage: dropped by both annotators
https://github.com/influxdata/influxdb/pull/15374,no,triage: dropped by both annotators
https://github.com/influxdata/influxdb/issues/25825,no,triage: dropped by both annotators
https://github.com/influxdata/influxdb/pull/19158,no,triage: dropped by both annotators
https://github.com/hyperium/hyper/issues/3802,no,triage: dropped by both annotators
https://github.com/MaterializeInc/materialize/pull/13764,no,triage: dropped by both annotators
https://github.com/libp2p/rust-libp2p/issues/1876,no,triage: dropped by both annotators
https://github.com/MaterializeInc/materialize/pull/2944,no,triage: dropped by both annotators
https://github.com/MaterializeInc/materialize/pull/16819,no,triage: dropped by both annotators
https://github.com/MaterializeInc/materialize/pull/37523,no,triage: dropped by both annotators
https://github.com/n0-computer/iroh/pull/4233,no,triage: dropped by both annotators
https://github.com/influxdata/influxdb/pull/8163,no,triage: dropped by both annotators
https://github.com/linkerd/linkerd2-proxy/pull/2540,no,triage: dropped by both annotators
https://github.com/influxdata/influxdb/issues/6581,no,triage: dropped by both annotators
https://github.com/influxdata/influxdb/issues/23954,no,triage: dropped by both annotators
https://github.com/MaterializeInc/materialize/pull/37706,no,triage: dropped by both annotators
https://github.com/quinn-rs/quinn/pull/2726,no,triage: dropped by both annotators
https://github.com/influxdata/influxdb/pull/25517,no,triage: dropped by both annotators
https://github.com/risingwavelabs/risingwave/pull/22539,no,triage: dropped by both annotators
https://github.com/tokio-rs/tokio/issues/5616,no,triage: dropped by both annotators
https://github.com/influxdata/influxdb/issues/1871,no,triage: dropped by both annotators
https://github.com/qdrant/qdrant/pull/8758,no,triage: dropped by both annotators
https://github.com/denoland/deno/pull/8083,no,triage: dropped by both annotators
https://github.com/risingwavelabs/risingwave/issues/21579,no,triage: dropped by both annotators
https://github.com/databendlabs/databend/issues/20511,no,triage: dropped by both annotators
https://github.com/MaterializeInc/materialize/pull/35356,no,triage: dropped by both annotators
https://github.com/risingwavelabs/risingwave/issues/9292,no,triage: dropped by both annotators
https://github.com/databendlabs/databend/issues/1438,no,triage: dropped by both annotators
https://github.com/meilisearch/meilisearch/pull/2745,no,triage: dropped by both annotators
https://github.com/denoland/deno/pull/34504,no,triage: dropped by both annotators
https://github.com/tokio-rs/tokio/issues/6258,no,triage: dropped by both annotators
https://github.com/tokio-rs/tokio/issues/3467,no,triage: dropped by both annotators
https://github.com/oxidecomputer/omicron/pull/9274,no,triage: dropped by both annotators
https://github.com/databendlabs/databend/pull/9402,no,triage: dropped by both annotators
https://github.com/tokio-rs/tracing/pull/191,no,triage: dropped by both annotators
https://github.com/vectordotdev/vector/pull/24364,no,triage: dropped by both annotators
https://github.com/risingwavelabs/risingwave/pull/17396,no,triage: dropped by both annotators
https://github.com/influxdata/influxdb/issues/1061,no,triage: dropped by both annotators
https://github.com/risingwavelabs/risingwave/issues/11674,no,triage: dropped by both annotators
https://github.com/qdrant/qdrant/pull/2131,no,triage: dropped by both annotators
https://github.com/influxdata/influxdb/issues/7588,no,triage: dropped by both annotators
https://github.com/hyperium/hyper/issues/1980,no,triage: dropped by both annotators
https://github.com/risingwavelabs/risingwave/issues/5190,no,triage: dropped by both annotators
https://github.com/influxdata/influxdb/issues/25414,no,triage: dropped by both annotators
https://github.com/risingwavelabs/risingwave/pull/27204,no,triage: dropped by both annotators
https://github.com/influxdata/influxdb/issues/25744,no,triage: dropped by both annotators
https://github.com/risingwavelabs/risingwave/pull/15388,no,triage: dropped by both annotators
https://github.com/qdrant/qdrant/pull/9493,no,triage: dropped by both annotators
https://github.com/libp2p/rust-libp2p/pull/6234,no,triage: dropped by both annotators
https://github.com/influxdata/influxdb/issues/11658,no,triage: dropped by both annotators
https://github.com/MaterializeInc/materialize/pull/24356,no,triage: dropped by both annotators
https://github.com/oxidecomputer/omicron/pull/3565,no,triage: dropped by both annotators
https://github.com/neondatabase/neon/pull/7050,no,triage: dropped by both annotators
https://github.com/libp2p/rust-libp2p/pull/4811,no,triage: dropped by both annotators
https://github.com/risingwavelabs/risingwave/issues/22428,no,triage: dropped by both annotators
https://github.com/paritytech/polkadot-sdk/pull/11883,no,triage: dropped by both annotators
https://github.com/tokio-rs/tokio/issues/1846,no,triage: dropped by both annotators
https://github.com/tokio-rs/tokio/issues/4673,no,triage: dropped by both annotators
https://github.com/influxdata/influxdb/pull/27376,no,triage: dropped by both annotators
https://github.com/qdrant/qdrant/pull/4256,no,triage: dropped by both annotators
https://github.com/tokio-rs/tokio/issues/1998,no,triage: dropped by both annotators
https://github.com/MaterializeInc/materialize/pull/22125,no,triage: dropped by both annotators
https://github.com/influxdata/influxdb/issues/7198,no,triage: dropped by both annotators
https://github.com/tokio-rs/tokio/issues/2181,no,triage: dropped by both annotators
https://github.com/paritytech/polkadot-sdk/pull/3224,no,triage: dropped by both annotators
https://github.com/risingwavelabs/risingwave/issues/13205,no,triage: dropped by both annotators
https://github.com/databendlabs/databend/pull/8220,no,triage: dropped by both annotators
https://github.com/denoland/deno/pull/20728,no,triage: dropped by both annotators
https://github.com/risingwavelabs/risingwave/pull/4445,no,triage: dropped by both annotators
https://github.com/risingwavelabs/risingwave/pull/15522,no,triage: dropped by both annotators
https://github.com/vectordotdev/vector/issues/20338,no,triage: dropped by both annotators
https://github.com/qdrant/qdrant/pull/7500,no,triage: dropped by both annotators
https://github.com/neondatabase/neon/issues/6211,no,triage: dropped by both annotators
https://github.com/denoland/deno/pull/34599,no,triage: dropped by both annotators
https://github.com/denoland/deno/issues/23493,no,triage: dropped by both annotators
https://github.com/n0-computer/iroh/pull/489,no,triage: dropped by both annotators
https://github.com/risingwavelabs/risingwave/pull/24735,no,triage: dropped by both annotators
https://github.com/hyperium/hyper/pull/1882,no,triage: dropped by both annotators
https://github.com/hyperium/hyper/issues/1306,no,triage: dropped by both annotators
https://github.com/qdrant/qdrant/pull/9265,no,triage: dropped by both annotators
https://github.com/risingwavelabs/risingwave/pull/7374,no,triage: dropped by both annotators
https://github.com/paritytech/polkadot-sdk/pull/13003,no,triage: dropped by both annotators
https://github.com/influxdata/influxdb/pull/26556,no,triage: dropped by both annotators
https://github.com/vectordotdev/vector/issues/327,no,triage: dropped by both annotators
https://github.com/qdrant/qdrant/pull/8300,no,triage: dropped by both annotators
https://github.com/neondatabase/neon/issues/5341,no,triage: dropped by both annotators
https://github.com/databendlabs/databend/issues/2766,no,triage: dropped by both annotators
https://github.com/influxdata/influxdb/issues/10052,no,triage: dropped by both annotators
https://github.com/risingwavelabs/risingwave/pull/7879,no,triage: dropped by both annotators
https://github.com/risingwavelabs/risingwave/issues/8043,no,triage: dropped by both annotators
https://github.com/n0-computer/iroh/pull/2117,no,triage: dropped by both annotators
https://github.com/denoland/deno/pull/33860,no,triage: dropped by both annotators
https://github.com/vectordotdev/vector/pull/25133,no,triage: dropped by both annotators
https://github.com/tokio-rs/tokio/pull/6898,no,triage: dropped by both annotators
https://github.com/databendlabs/databend/pull/16682,no,triage: dropped by both annotators
https://github.com/MaterializeInc/materialize/pull/34840,no,triage: dropped by both annotators
https://github.com/libp2p/rust-libp2p/pull/6410,no,triage: dropped by both annotators
https://github.com/libp2p/rust-libp2p/issues/5816,no,triage: dropped by both annotators
https://github.com/denoland/deno/pull/33327,no,triage: dropped by both annotators
https://github.com/qdrant/qdrant/pull/7043,no,triage: dropped by both annotators
https://github.com/risingwavelabs/risingwave/pull/23171,no,triage: dropped by both annotators
https://github.com/vectordotdev/vector/pull/24044,no,triage: dropped by both annotators
https://github.com/influxdata/influxdb/pull/6556,no,triage: dropped by both annotators
https://github.com/vectordotdev/vector/pull/16065,no,triage: dropped by both annotators
https://github.com/risingwavelabs/risingwave/pull/26346,no,triage: dropped by both annotators
https://github.com/tokio-rs/tracing/issues/2415,no,triage: dropped by both annotators
https://github.com/influxdata/influxdb/issues/2313,no,triage: dropped by both annotators
https://github.com/MaterializeInc/materialize/pull/9941,no,triage: dropped by both annotators
https://github.com/vectordotdev/vector/issues/2882,no,triage: dropped by both annotators
https://github.com/databendlabs/databend/pull/20332,no,triage: dropped by both annotators
https://github.com/qdrant/qdrant/pull/6610,no,triage: dropped by both annotators
https://github.com/databendlabs/databend/pull/8270,no,triage: dropped by both annotators
https://github.com/MaterializeInc/materialize/pull/28900,no,triage: dropped by both annotators
https://github.com/n0-computer/iroh/issues/2696,no,triage: dropped by both annotators
https://github.com/databendlabs/databend/issues/20351,no,triage: dropped by both annotators
https://github.com/databendlabs/databend/issues/5631,no,triage: dropped by both annotators
https://github.com/qdrant/qdrant/pull/8030,no,triage: dropped by both annotators
https://github.com/cloudflare/pingora/pull/480,no,triage: dropped by both annotators
https://github.com/cloudflare/pingora/issues/447,no,triage: dropped by both annotators
https://github.com/qdrant/qdrant/pull/7872,no,triage: dropped by both annotators
https://github.com/influxdata/influxdb/issues/8342,no,triage: dropped by both annotators
https://github.com/denoland/deno/pull/33039,no,triage: dropped by both annotators
https://github.com/influxdata/influxdb/issues/17939,no,triage: dropped by both annotators
https://github.com/quinn-rs/quinn/pull/1912,no,triage: dropped by both annotators
https://github.com/influxdata/influxdb/pull/10147,no,triage: dropped by both annotators
https://github.com/redis-rs/redis-rs/issues/300,no,triage: dropped by both annotators
https://github.com/MaterializeInc/materialize/pull/9414,no,triage: dropped by both annotators
https://github.com/libp2p/rust-libp2p/issues/4449,no,triage: dropped by both annotators
https://github.com/denoland/deno/issues/16358,no,triage: dropped by both annotators
https://github.com/oxidecomputer/propolis/pull/404,no,triage: dropped by both annotators
https://github.com/influxdata/influxdb/issues/14393,no,triage: dropped by both annotators
https://github.com/meilisearch/meilisearch/issues/3838,no,triage: dropped by both annotators
https://github.com/influxdata/influxdb/issues/13986,no,triage: dropped by both annotators
https://github.com/databendlabs/databend/issues/891,no,triage: dropped by both annotators
https://github.com/MaterializeInc/materialize/pull/38899,no,triage: dropped by both annotators
https://github.com/oxidecomputer/omicron/issues/5929,no,triage: dropped by both annotators
https://github.com/libp2p/rust-libp2p/pull/6209,no,triage: dropped by both annotators
https://github.com/influxdata/influxdb/issues/8287,no,triage: dropped by both annotators
https://github.com/risingwavelabs/risingwave/issues/14705,no,triage: dropped by both annotators
https://github.com/risingwavelabs/risingwave/pull/4193,no,triage: dropped by both annotators
https://github.com/neondatabase/neon/pull/11061,no,triage: dropped by both annotators
https://github.com/risingwavelabs/risingwave/issues/1252,no,triage: dropped by both annotators
https://github.com/MaterializeInc/materialize/pull/30860,no,triage: dropped by both annotators
https://github.com/cloudflare/pingora/issues/1010,no,triage: dropped by both annotators
https://github.com/denoland/deno/pull/34296,no,triage: dropped by both annotators
https://github.com/n0-computer/iroh/pull/4515,no,triage: dropped by both annotators
https://github.com/influxdata/influxdb/issues/8186,no,triage: dropped by both annotators
https://github.com/risingwavelabs/risingwave/issues/8279,no,triage: dropped by both annotators
https://github.com/influxdata/influxdb/issues/6041,no,triage: dropped by both annotators
https://github.com/influxdata/influxdb/issues/6761,no,triage: dropped by both annotators
https://github.com/MaterializeInc/materialize/pull/14537,no,triage: dropped by both annotators
https://github.com/influxdata/influxdb/issues/13871,no,triage: dropped by both annotators
https://github.com/databendlabs/databend/pull/7525,no,triage: dropped by both annotators
https://github.com/hyperium/hyper/issues/2853,no,triage: dropped by both annotators
https://github.com/risingwavelabs/risingwave/issues/16443,no,triage: dropped by both annotators
https://github.com/risingwavelabs/risingwave/issues/12143,no,triage: dropped by both annotators
https://github.com/oxidecomputer/omicron/issues/10290,no,triage: dropped by both annotators
https://github.com/influxdata/influxdb/issues/11273,no,triage: dropped by both annotators
https://github.com/libp2p/rust-libp2p/pull/6114,no,triage: dropped by both annotators
https://github.com/tokio-rs/tokio/issues/6794,no,triage: dropped by both annotators
https://github.com/denoland/deno/issues/16643,no,triage: dropped by both annotators
https://github.com/MaterializeInc/materialize/pull/24373,no,triage: dropped by both annotators
https://github.com/risingwavelabs/risingwave/issues/26393,no,triage: dropped by both annotators
https://github.com/influxdata/influxdb/pull/20991,no,triage: dropped by both annotators
https://github.com/qdrant/qdrant/pull/6061,no,triage: dropped by both annotators
https://github.com/risingwavelabs/risingwave/pull/26598,no,triage: dropped by both annotators
https://github.com/oxidecomputer/omicron/issues/971,no,triage: dropped by both annotators
https://github.com/qdrant/qdrant/pull/7356,no,triage: dropped by both annotators
https://github.com/libp2p/rust-libp2p/pull/6261,no,triage: dropped by both annotators
https://github.com/databendlabs/databend/pull/6028,no,triage: dropped by both annotators
https://github.com/MaterializeInc/materialize/pull/12954,no,triage: dropped by both annotators
https://github.com/paritytech/polkadot-sdk/pull/6445,no,triage: dropped by both annotators
https://github.com/n0-computer/iroh/pull/188,no,triage: dropped by both annotators
https://github.com/oxidecomputer/omicron/pull/6551,no,triage: dropped by both annotators
https://github.com/MaterializeInc/materialize/pull/13731,no,triage: dropped by both annotators
https://github.com/risingwavelabs/risingwave/pull/685,no,triage: dropped by both annotators
https://github.com/neondatabase/neon/pull/1173,no,triage: dropped by both annotators
https://github.com/vectordotdev/vector/pull/25948,no,triage: dropped by both annotators
https://github.com/databendlabs/databend/pull/19754,no,triage: dropped by both annotators
https://github.com/MaterializeInc/materialize/pull/8399,no,triage: dropped by both annotators
https://github.com/databendlabs/databend/issues/7438,no,triage: dropped by both annotators
https://github.com/oxidecomputer/propolis/pull/873,no,triage: dropped by both annotators
https://github.com/influxdata/influxdb/pull/2167,no,triage: dropped by both annotators
https://github.com/databendlabs/databend/pull/5924,no,triage: dropped by both annotators
https://github.com/hyperium/h2/issues/856,no,triage: dropped by both annotators
https://github.com/libp2p/rust-libp2p/pull/1247,no,triage: dropped by both annotators
https://github.com/risingwavelabs/risingwave/issues/9068,no,triage: dropped by both annotators
https://github.com/influxdata/influxdb/issues/17953,no,triage: dropped by both annotators
https://github.com/qdrant/qdrant/pull/8749,no,triage: dropped by both annotators
https://github.com/denoland/deno/pull/7382,no,triage: dropped by both annotators
https://github.com/databendlabs/databend/pull/20198,no,triage: dropped by both annotators
https://github.com/paritytech/polkadot-sdk/pull/6647,no,triage: dropped by both annotators
https://github.com/paritytech/polkadot-sdk/pull/10108,no,triage: dropped by both annotators
https://github.com/databendlabs/databend/issues/5639,no,triage: dropped by both annotators
https://github.com/vectordotdev/vector/issues/1436,no,triage: dropped by both annotators
https://github.com/neondatabase/neon/issues/3420,no,triage: dropped by both annotators
https://github.com/influxdata/influxdb/issues/13749,no,triage: dropped by both annotators
https://github.com/libp2p/rust-libp2p/pull/6232,no,triage: dropped by both annotators
https://github.com/neondatabase/neon/pull/7485,no,triage: dropped by both annotators
https://github.com/libp2p/rust-libp2p/pull/6547,no,triage: dropped by both annotators
https://github.com/risingwavelabs/risingwave/pull/19700,no,triage: dropped by both annotators
https://github.com/neondatabase/neon/pull/2143,no,triage: dropped by both annotators
https://github.com/libp2p/rust-libp2p/pull/6460,no,triage: dropped by both annotators
https://github.com/vectordotdev/vector/pull/4557,no,triage: dropped by both annotators
https://github.com/MaterializeInc/materialize/pull/18875,no,triage: dropped by both annotators
https://github.com/tokio-rs/tokio/pull/3933,no,triage: dropped by both annotators
https://github.com/denoland/deno/pull/35004,no,triage: dropped by both annotators
https://github.com/databendlabs/databend/issues/20260,no,triage: dropped by both annotators
https://github.com/databendlabs/databend/issues/14239,no,triage: dropped by both annotators
https://github.com/vectordotdev/vector/pull/738,no,triage: dropped by both annotators
https://github.com/oxidecomputer/omicron/pull/1897,no,triage: dropped by both annotators
https://github.com/databendlabs/databend/pull/5115,no,triage: dropped by both annotators
https://github.com/neondatabase/neon/pull/4460,no,triage: dropped by both annotators
https://github.com/MaterializeInc/materialize/pull/29372,no,triage: dropped by both annotators
https://github.com/paritytech/polkadot-sdk/pull/13009,no,triage: dropped by both annotators
https://github.com/neondatabase/neon/issues/2606,no,triage: dropped by both annotators
https://github.com/oxidecomputer/omicron/pull/5799,no,triage: dropped by both annotators
https://github.com/libp2p/rust-libp2p/pull/6491,no,triage: dropped by both annotators
https://github.com/databendlabs/databend/issues/17738,no,triage: dropped by both annotators
https://github.com/paritytech/polkadot-sdk/pull/8641,no,triage: dropped by both annotators
https://github.com/meilisearch/meilisearch/pull/5254,no,triage: dropped by both annotators
https://github.com/tokio-rs/tokio/issues/7832,no,triage: dropped by both annotators
https://github.com/libp2p/rust-libp2p/issues/4667,no,triage: dropped by both annotators
https://github.com/influxdata/influxdb/pull/23098,no,triage: dropped by both annotators
https://github.com/paritytech/polkadot-sdk/pull/8547,no,triage: dropped by both annotators
https://github.com/influxdata/influxdb/issues/6519,no,triage: dropped by both annotators
https://github.com/influxdata/influxdb/issues/8589,no,triage: dropped by both annotators
https://github.com/neondatabase/neon/pull/12515,no,triage: dropped by both annotators
https://github.com/databendlabs/databend/issues/1059,no,triage: dropped by both annotators
https://github.com/databendlabs/databend/issues/9852,no,triage: dropped by both annotators
https://github.com/databendlabs/databend/issues/8290,no,triage: dropped by both annotators
https://github.com/databendlabs/databend/issues/15278,no,triage: dropped by both annotators
https://github.com/influxdata/influxdb/issues/6728,no,triage: dropped by both annotators
https://github.com/denoland/deno/pull/9423,no,triage: dropped by both annotators
https://github.com/databendlabs/databend/issues/19443,no,triage: dropped by both annotators
https://github.com/influxdata/influxdb/pull/17952,no,triage: dropped by both annotators
https://github.com/risingwavelabs/risingwave/issues/2571,no,triage: dropped by both annotators
https://github.com/tokio-rs/tokio/pull/8191,no,triage: dropped by both annotators
https://github.com/MaterializeInc/materialize/pull/24132,no,triage: dropped by both annotators
https://github.com/denoland/deno/pull/34527,no,triage: dropped by both annotators
https://github.com/databendlabs/databend/pull/6964,no,triage: dropped by both annotators
https://github.com/vectordotdev/vector/issues/13044,no,triage: dropped by both annotators
https://github.com/oxidecomputer/omicron/pull/6930,no,triage: dropped by both annotators
https://github.com/redis-rs/redis-rs/pull/2278,no,triage: dropped by both annotators
https://github.com/oxidecomputer/omicron/pull/7454,no,triage: dropped by both annotators
https://github.com/oxidecomputer/omicron/pull/7842,no,triage: dropped by both annotators
https://github.com/oxidecomputer/omicron/issues/5500,no,triage: dropped by both annotators
https://github.com/risingwavelabs/risingwave/pull/23370,no,triage: dropped by both annotators
https://github.com/influxdata/influxdb/issues/23501,no,triage: dropped by both annotators
https://github.com/qdrant/qdrant/issues/2432,no,triage: dropped by both annotators
https://github.com/paritytech/polkadot-sdk/pull/5457,no,triage: dropped by both annotators
https://github.com/influxdata/influxdb/pull/7867,no,triage: dropped by both annotators
https://github.com/risingwavelabs/risingwave/issues/10847,no,triage: dropped by both annotators
https://github.com/risingwavelabs/risingwave/pull/16026,no,triage: dropped by both annotators
https://github.com/denoland/deno/issues/17475,no,triage: dropped by both annotators
https://github.com/vectordotdev/vector/issues/1253,no,triage: dropped by both annotators
https://github.com/linkerd/linkerd2-proxy/pull/2029,no,triage: dropped by both annotators
https://github.com/qdrant/qdrant/pull/10445,no,triage: dropped by both annotators
https://github.com/databendlabs/databend/issues/20370,no,triage: dropped by both annotators
https://github.com/influxdata/influxdb/issues/26002,no,triage: dropped by both annotators
https://github.com/denoland/deno/pull/34222,no,triage: dropped by both annotators
https://github.com/neondatabase/neon/pull/7611,no,triage: dropped by both annotators
https://github.com/databendlabs/databend/issues/318,no,triage: dropped by both annotators
https://github.com/qdrant/qdrant/pull/10743,no,triage: dropped by both annotators
https://github.com/MaterializeInc/materialize/pull/9366,no,triage: dropped by both annotators
https://github.com/tokio-rs/tokio/issues/3350,no,triage: dropped by both annotators
https://github.com/influxdata/influxdb/issues/7885,no,triage: dropped by both annotators
https://github.com/paritytech/polkadot-sdk/pull/2944,no,triage: dropped by both annotators
https://github.com/influxdata/influxdb/issues/21625,no,triage: dropped by both annotators
https://github.com/vectordotdev/vector/issues/10398,no,triage: dropped by both annotators
https://github.com/risingwavelabs/risingwave/issues/4892,no,triage: dropped by both annotators
https://github.com/influxdata/influxdb/pull/8735,no,triage: dropped by both annotators
https://github.com/MaterializeInc/materialize/pull/38670,no,triage: dropped by both annotators
https://github.com/influxdata/influxdb/issues/3904,no,triage: dropped by both annotators
https://github.com/influxdata/influxdb/issues/3539,no,triage: dropped by both annotators
https://github.com/vectordotdev/vector/pull/25509,no,triage: dropped by both annotators
https://github.com/risingwavelabs/risingwave/pull/20542,no,triage: dropped by both annotators
https://github.com/qdrant/qdrant/pull/7588,no,triage: dropped by both annotators
https://github.com/influxdata/influxdb/issues/5448,no,triage: dropped by both annotators
https://github.com/databendlabs/databend/pull/9053,no,triage: dropped by both annotators
https://github.com/quinn-rs/quinn/pull/804,no,triage: dropped by both annotators
https://github.com/vectordotdev/vector/pull/26178,no,triage: dropped by both annotators
https://github.com/vectordotdev/vector/pull/25571,no,triage: dropped by both annotators
https://github.com/vectordotdev/vector/pull/45,no,triage: dropped by both annotators
https://github.com/influxdata/influxdb/issues/10395,no,triage: dropped by both annotators
https://github.com/databendlabs/databend/issues/9131,no,triage: dropped by both annotators
https://github.com/MaterializeInc/materialize/pull/12834,no,triage: dropped by both annotators
https://github.com/grpc/grpc-rust/pull/2143,no,triage: dropped by both annotators
https://github.com/tokio-rs/tokio/issues/8067,no,triage: dropped by both annotators
https://github.com/cloudflare/pingora/issues/965,no,triage: dropped by both annotators
https://github.com/neondatabase/neon/pull/3770,no,triage: dropped by both annotators
https://github.com/libp2p/rust-libp2p/issues/2485,no,triage: dropped by both annotators
https://github.com/MaterializeInc/materialize/pull/27421,no,triage: dropped by both annotators
https://github.com/denoland/deno/issues/13016,no,triage: dropped by both annotators
https://github.com/influxdata/influxdb/pull/9703,no,triage: dropped by both annotators
https://github.com/influxdata/influxdb/issues/10811,no,triage: dropped by both annotators
https://github.com/databendlabs/databend/pull/19202,no,triage: dropped by both annotators
https://github.com/neondatabase/neon/pull/4058,no,triage: dropped by both annotators
https://github.com/neondatabase/neon/pull/4276,no,triage: dropped by both annotators
https://github.com/risingwavelabs/risingwave/pull/25686,no,triage: dropped by both annotators
https://github.com/influxdata/influxdb/pull/24677,no,triage: dropped by both annotators
https://github.com/paritytech/polkadot-sdk/pull/8202,no,triage: dropped by both annotators
https://github.com/databendlabs/databend/pull/19762,no,triage: dropped by both annotators
https://github.com/influxdata/influxdb/pull/4391,no,triage: dropped by both annotators
https://github.com/influxdata/influxdb/issues/13929,no,triage: dropped by both annotators
https://github.com/databendlabs/databend/pull/11850,no,triage: dropped by both annotators
https://github.com/neondatabase/neon/pull/1420,no,triage: dropped by both annotators
https://github.com/risingwavelabs/risingwave/pull/27150,no,triage: dropped by both annotators
https://github.com/tokio-rs/tokio/issues/1754,no,triage: dropped by both annotators
https://github.com/oxidecomputer/omicron/pull/8041,no,triage: dropped by both annotators
https://github.com/libp2p/rust-libp2p/pull/6422,no,triage: dropped by both annotators
https://github.com/risingwavelabs/risingwave/pull/4560,no,triage: dropped by both annotators
https://github.com/influxdata/influxdb/issues/8438,no,triage: dropped by both annotators
https://github.com/influxdata/influxdb/issues/7380,no,triage: dropped by both annotators
https://github.com/quinn-rs/quinn/issues/1325,no,triage: dropped by both annotators
https://github.com/neondatabase/neon/issues/1361,no,triage: dropped by both annotators
https://github.com/neondatabase/neon/pull/816,no,triage: dropped by both annotators
https://github.com/influxdata/influxdb/issues/23503,no,triage: dropped by both annotators
https://github.com/oxidecomputer/omicron/issues/10552,no,triage: dropped by both annotators
https://github.com/vectordotdev/vector/issues/26231,no,triage: dropped by both annotators
https://github.com/influxdata/influxdb/issues/24845,no,triage: dropped by both annotators
https://github.com/risingwavelabs/risingwave/pull/18821,no,triage: dropped by both annotators
https://github.com/qdrant/qdrant/pull/5959,no,triage: dropped by both annotators
https://github.com/risingwavelabs/risingwave/issues/6547,no,triage: dropped by both annotators
https://github.com/databendlabs/databend/pull/18141,no,triage: dropped by both annotators
https://github.com/MaterializeInc/materialize/pull/15409,no,triage: dropped by both annotators
https://github.com/influxdata/influxdb/pull/859,no,triage: dropped by both annotators
https://github.com/vectordotdev/vector/pull/20574,no,triage: dropped by both annotators
https://github.com/oxidecomputer/propolis/issues/402,no,triage: dropped by both annotators
https://github.com/hyperium/hyper/pull/1454,no,triage: dropped by both annotators
https://github.com/influxdata/influxdb/issues/21717,no,triage: dropped by both annotators
https://github.com/grpc/grpc-rust/issues/515,no,triage: dropped by both annotators
https://github.com/influxdata/influxdb/issues/7035,no,triage: dropped by both annotators
https://github.com/tokio-rs/tracing/issues/2578,no,triage: dropped by both annotators
https://github.com/libp2p/rust-libp2p/pull/6359,no,triage: dropped by both annotators
https://github.com/vectordotdev/vector/issues/23068,no,triage: dropped by both annotators
https://github.com/libp2p/rust-libp2p/pull/6154,no,triage: dropped by both annotators
https://github.com/databendlabs/databend/pull/10972,no,triage: dropped by both annotators
https://github.com/oxidecomputer/omicron/pull/6764,no,triage: dropped by both annotators
https://github.com/hyperium/hyper/issues/2777,no,triage: dropped by both annotators
https://github.com/oxidecomputer/omicron/issues/3224,no,triage: dropped by both annotators
https://github.com/influxdata/influxdb/issues/6884,no,triage: dropped by both annotators
https://github.com/MaterializeInc/materialize/pull/20683,no,triage: dropped by both annotators
https://github.com/hyperium/hyper/pull/3084,no,triage: dropped by both annotators
https://github.com/risingwavelabs/risingwave/pull/18575,no,triage: dropped by both annotators
https://github.com/qdrant/qdrant/pull/7107,no,triage: dropped by both annotators
https://github.com/oxidecomputer/omicron/issues/7622,no,triage: dropped by both annotators
https://github.com/MaterializeInc/materialize/pull/21229,no,triage: dropped by both annotators
https://github.com/qdrant/qdrant/pull/4453,no,triage: dropped by both annotators
https://github.com/denoland/deno/issues/27682,no,triage: dropped by both annotators
https://github.com/paritytech/polkadot-sdk/pull/10300,no,triage: dropped by both annotators
https://github.com/influxdata/influxdb/issues/9695,no,triage: dropped by both annotators
https://github.com/oxidecomputer/omicron/pull/8059,no,triage: dropped by both annotators
https://github.com/influxdata/influxdb/issues/8045,no,triage: dropped by both annotators
https://github.com/meilisearch/meilisearch/pull/6533,no,triage: dropped by both annotators
https://github.com/risingwavelabs/risingwave/issues/10628,no,triage: dropped by both annotators
https://github.com/databendlabs/databend/issues/1495,no,triage: dropped by both annotators
https://github.com/influxdata/influxdb/issues/9026,no,triage: dropped by both annotators
https://github.com/n0-computer/iroh/pull/2309,no,triage: dropped by both annotators
https://github.com/risingwavelabs/risingwave/issues/22753,no,triage: dropped by both annotators
https://github.com/risingwavelabs/risingwave/pull/15776,no,triage: dropped by both annotators
https://github.com/libp2p/rust-libp2p/pull/6447,no,triage: dropped by both annotators
https://github.com/risingwavelabs/risingwave/issues/20625,no,triage: dropped by both annotators
https://github.com/risingwavelabs/risingwave/pull/166,no,triage: dropped by both annotators
https://github.com/neondatabase/neon/pull/12519,no,triage: dropped by both annotators
https://github.com/vectordotdev/vector/issues/6282,no,triage: dropped by both annotators
https://github.com/databendlabs/databend/pull/19526,no,triage: dropped by both annotators
https://github.com/tokio-rs/tokio/issues/8085,no,triage: dropped by both annotators
https://github.com/neondatabase/neon/pull/7273,no,triage: dropped by both annotators
https://github.com/risingwavelabs/risingwave/pull/23767,no,triage: dropped by both annotators
https://github.com/oxidecomputer/omicron/pull/5172,no,triage: dropped by both annotators
https://github.com/denoland/deno/issues/14098,no,triage: dropped by both annotators
https://github.com/risingwavelabs/risingwave/pull/10266,no,triage: dropped by both annotators
https://github.com/risingwavelabs/risingwave/pull/7745,no,triage: dropped by both annotators
https://github.com/vectordotdev/vector/pull/17841,no,triage: dropped by both annotators
https://github.com/denoland/deno/issues/25841,no,triage: dropped by both annotators
https://github.com/tokio-rs/tokio/issues/3520,no,triage: dropped by both annotators
https://github.com/MaterializeInc/materialize/pull/37512,no,triage: dropped by both annotators
https://github.com/neondatabase/neon/pull/2998,no,triage: dropped by both annotators
https://github.com/denoland/deno/pull/31224,no,triage: dropped by both annotators
https://github.com/libp2p/rust-libp2p/issues/2231,no,triage: dropped by both annotators
https://github.com/databendlabs/databend/pull/11741,no,triage: dropped by both annotators
https://github.com/neondatabase/neon/issues/427,no,triage: dropped by both annotators
https://github.com/quinn-rs/quinn/pull/166,no,triage: dropped by both annotators
https://github.com/influxdata/influxdb/pull/5697,no,triage: dropped by both annotators
https://github.com/MaterializeInc/materialize/pull/26460,no,triage: dropped by both annotators
https://github.com/paritytech/polkadot-sdk/pull/7035,no,triage: dropped by both annotators
https://github.com/qdrant/qdrant/pull/8398,no,triage: dropped by both annotators
https://github.com/libp2p/rust-libp2p/pull/6423,no,triage: dropped by both annotators
https://github.com/MaterializeInc/materialize/pull/17329,no,triage: dropped by both annotators
https://github.com/libp2p/rust-libp2p/pull/3749,no,triage: dropped by both annotators
https://github.com/MaterializeInc/materialize/pull/36921,no,triage: dropped by both annotators
https://github.com/risingwavelabs/risingwave/pull/13056,no,triage: dropped by both annotators
https://github.com/MaterializeInc/materialize/pull/37713,no,triage: dropped by both annotators
https://github.com/oxidecomputer/omicron/issues/6901,no,triage: dropped by both annotators
https://github.com/meilisearch/meilisearch/issues/5529,no,triage: dropped by both annotators
https://github.com/quinn-rs/quinn/pull/1357,no,triage: dropped by both annotators
https://github.com/risingwavelabs/risingwave/issues/17880,no,triage: dropped by both annotators
https://github.com/MaterializeInc/materialize/pull/11352,no,triage: dropped by both annotators
https://github.com/qdrant/qdrant/pull/8411,no,triage: dropped by both annotators
https://github.com/neondatabase/neon/issues/196,no,triage: dropped by both annotators
https://github.com/influxdata/influxdb/issues/3992,no,triage: dropped by both annotators
https://github.com/libp2p/rust-libp2p/pull/6390,no,triage: dropped by both annotators
https://github.com/MaterializeInc/materialize/pull/37856,no,triage: dropped by both annotators
https://github.com/qdrant/qdrant/pull/9566,no,triage: dropped by both annotators
https://github.com/oxidecomputer/omicron/pull/258,no,triage: dropped by both annotators
https://github.com/denoland/deno/pull/31331,no,triage: dropped by both annotators
https://github.com/tokio-rs/tracing/issues/426,no,triage: dropped by both annotators
https://github.com/oxidecomputer/omicron/issues/5436,no,triage: dropped by both annotators
https://github.com/influxdata/influxdb/issues/10330,no,triage: dropped by both annotators
https://github.com/vectordotdev/vector/issues/17644,no,triage: dropped by both annotators
https://github.com/MaterializeInc/materialize/pull/27057,no,triage: dropped by both annotators
https://github.com/risingwavelabs/risingwave/pull/9943,no,triage: dropped by both annotators
https://github.com/libp2p/rust-libp2p/issues/3591,no,triage: dropped by both annotators
https://github.com/influxdata/influxdb/pull/20455,no,triage: dropped by both annotators
https://github.com/libp2p/rust-libp2p/pull/6356,no,triage: dropped by both annotators
https://github.com/qdrant/qdrant/pull/9673,no,triage: dropped by both annotators
https://github.com/neondatabase/neon/pull/12944,no,triage: dropped by both annotators
https://github.com/influxdata/influxdb/issues/26799,no,triage: dropped by both annotators
https://github.com/vectordotdev/vector/pull/10143,no,triage: dropped by both annotators
https://github.com/paritytech/polkadot-sdk/issues/3080,no,triage: dropped by both annotators
https://github.com/qdrant/qdrant/pull/8142,no,triage: dropped by both annotators
https://github.com/grpc/grpc-rust/issues/196,no,triage: dropped by both annotators
https://github.com/MaterializeInc/materialize/pull/33317,no,triage: dropped by both annotators
https://github.com/vectordotdev/vector/pull/26091,no,triage: dropped by both annotators
https://github.com/denoland/deno/issues/26400,no,triage: dropped by both annotators
https://github.com/tokio-rs/tokio/issues/6402,no,triage: dropped by both annotators
https://github.com/paritytech/polkadot-sdk/pull/1672,no,triage: dropped by both annotators
https://github.com/databendlabs/databend/pull/20466,no,triage: dropped by both annotators
https://github.com/risingwavelabs/risingwave/issues/2467,no,triage: dropped by both annotators
https://github.com/qdrant/qdrant/pull/6563,no,triage: dropped by both annotators
https://github.com/databendlabs/databend/pull/7175,no,triage: dropped by both annotators
https://github.com/seanmonstar/reqwest/issues/721,no,triage: dropped by both annotators
https://github.com/databendlabs/databend/pull/20141,no,triage: dropped by both annotators
https://github.com/vectordotdev/vector/issues/19873,no,triage: dropped by both annotators
https://github.com/vectordotdev/vector/pull/11206,no,triage: dropped by both annotators
https://github.com/MaterializeInc/materialize/pull/37921,no,triage: dropped by both annotators
https://github.com/influxdata/influxdb/issues/2557,no,triage: dropped by both annotators
https://github.com/databendlabs/databend/issues/7101,no,triage: dropped by both annotators
https://github.com/tokio-rs/tokio/pull/6742,no,triage: dropped by both annotators
https://github.com/MaterializeInc/materialize/pull/18806,no,triage: dropped by both annotators
https://github.com/risingwavelabs/risingwave/issues/16767,no,triage: dropped by both annotators
https://github.com/oxidecomputer/omicron/pull/6881,no,triage: dropped by both annotators
https://github.com/vectordotdev/vector/issues/19379,no,triage: dropped by both annotators
https://github.com/neondatabase/neon/issues/11144,no,triage: dropped by both annotators
https://github.com/neondatabase/neon/pull/4064,no,triage: dropped by both annotators
https://github.com/denoland/deno/issues/21379,no,triage: dropped by both annotators
https://github.com/MaterializeInc/materialize/pull/30703,no,triage: dropped by both annotators
https://github.com/MaterializeInc/materialize/pull/23767,no,triage: dropped by both annotators
https://github.com/denoland/deno/issues/11018,no,triage: dropped by both annotators
https://github.com/qdrant/qdrant/pull/9110,no,triage: dropped by both annotators
https://github.com/risingwavelabs/risingwave/pull/15109,no,triage: dropped by both annotators
https://github.com/MaterializeInc/materialize/pull/20180,no,triage: dropped by both annotators
https://github.com/databendlabs/databend/pull/5662,no,triage: dropped by both annotators
https://github.com/risingwavelabs/risingwave/pull/25787,no,triage: dropped by both annotators
https://github.com/databendlabs/databend/pull/405,no,triage: dropped by both annotators
https://github.com/risingwavelabs/risingwave/issues/26544,no,triage: dropped by both annotators
https://github.com/influxdata/influxdb/pull/5514,no,triage: dropped by both annotators
https://github.com/hyperium/h2/pull/903,no,triage: dropped by both annotators
https://github.com/MaterializeInc/materialize/pull/37861,no,triage: dropped by both annotators
https://github.com/tokio-rs/tokio/pull/8374,no,triage: dropped by both annotators
https://github.com/influxdata/influxdb/pull/24793,no,triage: dropped by both annotators
https://github.com/neondatabase/neon/issues/1233,no,triage: dropped by both annotators
https://github.com/influxdata/influxdb/issues/8362,no,triage: dropped by both annotators
https://github.com/influxdata/influxdb/pull/6808,no,triage: dropped by both annotators
https://github.com/influxdata/influxdb/pull/23437,no,triage: dropped by both annotators
https://github.com/MaterializeInc/materialize/pull/27755,no,triage: dropped by both annotators
https://github.com/libp2p/rust-libp2p/pull/6542,no,triage: dropped by both annotators
https://github.com/MaterializeInc/materialize/pull/18546,no,triage: dropped by both annotators
https://github.com/qdrant/qdrant/pull/10093,no,triage: dropped by both annotators
https://github.com/databendlabs/databend/pull/20014,no,triage: dropped by both annotators
https://github.com/hyperium/hyper/pull/3952,no,triage: dropped by both annotators
https://github.com/neondatabase/neon/issues/10856,no,triage: dropped by both annotators
https://github.com/MaterializeInc/materialize/pull/18859,no,triage: dropped by both annotators
https://github.com/risingwavelabs/risingwave/pull/4431,no,triage: dropped by both annotators
https://github.com/qdrant/qdrant/pull/9604,no,triage: dropped by both annotators
https://github.com/libp2p/rust-libp2p/pull/6389,no,triage: dropped by both annotators
https://github.com/risingwavelabs/risingwave/issues/4355,no,triage: dropped by both annotators
https://github.com/influxdata/influxdb/issues/24781,no,triage: dropped by both annotators
https://github.com/libp2p/rust-libp2p/pull/4727,no,triage: dropped by both annotators
https://github.com/risingwavelabs/risingwave/issues/7889,no,triage: dropped by both annotators
https://github.com/neondatabase/neon/pull/4674,no,triage: dropped by both annotators
https://github.com/influxdata/influxdb/issues/828,no,triage: dropped by both annotators
https://github.com/libp2p/rust-libp2p/pull/4693,no,triage: dropped by both annotators
https://github.com/databendlabs/databend/pull/18872,no,triage: dropped by both annotators
https://github.com/databendlabs/databend/issues/5120,no,triage: dropped by both annotators
https://github.com/influxdata/influxdb/pull/1990,no,triage: dropped by both annotators
https://github.com/meilisearch/meilisearch/issues/4988,no,triage: dropped by both annotators
https://github.com/denoland/deno/pull/34955,no,triage: dropped by both annotators
https://github.com/MaterializeInc/materialize/pull/9051,no,triage: dropped by both annotators
https://github.com/libp2p/rust-libp2p/pull/1212,no,triage: dropped by both annotators
https://github.com/qdrant/qdrant/issues/10064,no,triage: dropped by both annotators
https://github.com/oxidecomputer/omicron/pull/10800,no,triage: dropped by both annotators
https://github.com/influxdata/influxdb/pull/15771,no,triage: dropped by both annotators
https://github.com/databendlabs/databend/issues/14765,no,triage: dropped by both annotators
https://github.com/hyperium/hyper/issues/2862,no,triage: dropped by both annotators
https://github.com/risingwavelabs/risingwave/pull/17528,no,triage: dropped by both annotators
https://github.com/MaterializeInc/materialize/pull/28995,no,triage: dropped by both annotators
https://github.com/influxdata/influxdb/issues/9049,no,triage: dropped by both annotators
https://github.com/MaterializeInc/materialize/pull/38528,no,triage: dropped by both annotators
https://github.com/libp2p/rust-libp2p/pull/4508,no,triage: dropped by both annotators
https://github.com/oxidecomputer/omicron/pull/3442,no,triage: dropped by both annotators
https://github.com/tokio-rs/tracing/issues/2541,no,triage: dropped by both annotators
https://github.com/MaterializeInc/materialize/pull/29522,no,triage: dropped by both annotators
https://github.com/denoland/deno/pull/36765,no,triage: dropped by both annotators
https://github.com/risingwavelabs/risingwave/issues/2279,no,triage: dropped by both annotators
https://github.com/influxdata/influxdb/issues/8793,no,triage: dropped by both annotators
https://github.com/vectordotdev/vector/issues/3028,no,triage: dropped by both annotators
https://github.com/risingwavelabs/risingwave/pull/2056,no,triage: dropped by both annotators
https://github.com/MaterializeInc/materialize/pull/31307,no,triage: dropped by both annotators
https://github.com/oxidecomputer/omicron/pull/955,no,triage: dropped by both annotators
https://github.com/tokio-rs/tokio/issues/6338,no,triage: dropped by both annotators
https://github.com/MaterializeInc/materialize/pull/38117,no,triage: dropped by both annotators
https://github.com/vectordotdev/vector/issues/11723,no,triage: dropped by both annotators
https://github.com/denoland/deno/pull/31380,no,triage: dropped by both annotators
https://github.com/influxdata/influxdb/issues/9923,no,triage: dropped by both annotators
https://github.com/influxdata/influxdb/pull/26325,no,triage: dropped by both annotators
https://github.com/MaterializeInc/materialize/pull/32331,no,triage: dropped by both annotators
https://github.com/tokio-rs/tokio/pull/8091,no,triage: dropped by both annotators
https://github.com/influxdata/influxdb/pull/6477,no,triage: dropped by both annotators
https://github.com/risingwavelabs/risingwave/pull/21587,no,triage: dropped by both annotators
https://github.com/influxdata/influxdb/issues/198,no,triage: dropped by both annotators
https://github.com/risingwavelabs/risingwave/pull/3471,no,triage: dropped by both annotators
https://github.com/qdrant/qdrant/pull/9683,no,triage: dropped by both annotators
https://github.com/influxdata/influxdb/pull/7836,no,triage: dropped by both annotators
https://github.com/qdrant/qdrant/pull/10211,no,triage: dropped by both annotators
https://github.com/risingwavelabs/risingwave/pull/10197,no,triage: dropped by both annotators
https://github.com/denoland/deno/issues/21209,no,triage: dropped by both annotators
https://github.com/databendlabs/databend/issues/5505,no,triage: dropped by both annotators
https://github.com/databendlabs/databend/pull/20291,no,triage: dropped by both annotators
https://github.com/denoland/deno/pull/35014,no,triage: dropped by both annotators
https://github.com/vectordotdev/vector/pull/25785,no,triage: dropped by both annotators
https://github.com/influxdata/influxdb/issues/7879,no,triage: dropped by both annotators
https://github.com/databendlabs/databend/pull/16075,no,triage: dropped by both annotators
https://github.com/denoland/deno/pull/35523,no,triage: dropped by both annotators
https://github.com/denoland/deno/pull/36427,no,triage: dropped by both annotators
https://github.com/risingwavelabs/risingwave/pull/11319,no,triage: dropped by both annotators
https://github.com/qdrant/qdrant/pull/8352,no,triage: dropped by both annotators
https://github.com/databendlabs/databend/pull/6478,no,triage: dropped by both annotators
https://github.com/MaterializeInc/materialize/pull/13346,no,triage: dropped by both annotators
https://github.com/vectordotdev/vector/pull/25808,no,triage: dropped by both annotators
https://github.com/neondatabase/neon/issues/1740,no,triage: dropped by both annotators
https://github.com/influxdata/influxdb/issues/16811,no,triage: dropped by both annotators
https://github.com/tokio-rs/tokio/issues/5860,no,triage: dropped by both annotators
https://github.com/risingwavelabs/risingwave/pull/5022,no,triage: dropped by both annotators
https://github.com/n0-computer/iroh/pull/3870,no,triage: dropped by both annotators
https://github.com/tokio-rs/tokio/pull/3050,no,triage: dropped by both annotators
https://github.com/influxdata/influxdb/pull/24671,no,triage: dropped by both annotators
https://github.com/paritytech/polkadot-sdk/issues/7107,no,triage: dropped by both annotators
https://github.com/vectordotdev/vector/pull/25562,no,triage: dropped by both annotators
https://github.com/vectordotdev/vector/issues/26391,no,triage: dropped by both annotators
https://github.com/risingwavelabs/risingwave/issues/11166,no,triage: dropped by both annotators
https://github.com/oxidecomputer/omicron/pull/7564,no,triage: dropped by both annotators
https://github.com/MaterializeInc/materialize/pull/27481,no,triage: dropped by both annotators
https://github.com/databendlabs/databend/issues/20462,no,triage: dropped by both annotators
https://github.com/vectordotdev/vector/issues/8518,no,triage: dropped by both annotators
https://github.com/qdrant/qdrant/pull/6166,no,triage: dropped by both annotators
https://github.com/MaterializeInc/materialize/pull/3232,no,triage: dropped by both annotators
https://github.com/neondatabase/neon/issues/5531,no,triage: dropped by both annotators
https://github.com/databendlabs/databend/issues/14904,no,triage: dropped by both annotators
https://github.com/tokio-rs/tokio/issues/4182,no,triage: dropped by both annotators
https://github.com/neondatabase/neon/pull/6134,no,triage: dropped by both annotators
https://github.com/MaterializeInc/materialize/pull/14717,no,triage: dropped by both annotators
https://github.com/denoland/deno/pull/7612,no,triage: dropped by both annotators
https://github.com/oxidecomputer/omicron/pull/9492,no,triage: dropped by both annotators
https://github.com/databendlabs/databend/issues/9925,no,triage: dropped by both annotators
https://github.com/influxdata/influxdb/issues/5907,no,triage: dropped by both annotators
https://github.com/influxdata/influxdb/issues/3608,no,triage: dropped by both annotators
https://github.com/risingwavelabs/risingwave/pull/12167,no,triage: dropped by both annotators
https://github.com/denoland/deno/pull/33190,no,triage: dropped by both annotators
https://github.com/oxidecomputer/omicron/pull/11133,no,triage: dropped by both annotators
https://github.com/influxdata/influxdb/issues/5108,no,triage: dropped by both annotators
https://github.com/risingwavelabs/risingwave/pull/24654,no,triage: dropped by both annotators
https://github.com/libp2p/rust-libp2p/pull/6357,no,triage: dropped by both annotators
https://github.com/tokio-rs/tokio/pull/6846,no,triage: dropped by both annotators
https://github.com/paritytech/polkadot-sdk/pull/9187,no,triage: dropped by both annotators
https://github.com/risingwavelabs/risingwave/issues/18747,no,triage: dropped by both annotators
https://github.com/MaterializeInc/materialize/pull/23556,no,triage: dropped by both annotators
https://github.com/neondatabase/neon/pull/669,no,triage: dropped by both annotators
https://github.com/databendlabs/databend/issues/18377,no,triage: dropped by both annotators
https://github.com/influxdata/influxdb/issues/12117,no,triage: dropped by both annotators
https://github.com/vectordotdev/vector/issues/11514,no,triage: dropped by both annotators
https://github.com/libp2p/rust-libp2p/issues/2308,no,triage: dropped by both annotators
https://github.com/MaterializeInc/materialize/pull/19186,no,triage: dropped by both annotators
https://github.com/databendlabs/databend/pull/9486,no,triage: dropped by both annotators
https://github.com/libp2p/rust-libp2p/pull/366,no,triage: dropped by both annotators
https://github.com/denoland/deno/pull/23645,no,triage: dropped by both annotators
https://github.com/neondatabase/neon/pull/9060,no,triage: dropped by both annotators
https://github.com/databendlabs/databend/pull/16683,no,triage: dropped by both annotators
https://github.com/influxdata/influxdb/pull/13854,no,triage: dropped by both annotators
https://github.com/risingwavelabs/risingwave/pull/9881,no,triage: dropped by both annotators
https://github.com/libp2p/rust-libp2p/pull/6229,no,triage: dropped by both annotators
https://github.com/databendlabs/databend/pull/18103,no,triage: dropped by both annotators
https://github.com/oxidecomputer/omicron/pull/9226,no,triage: dropped by both annotators
https://github.com/MaterializeInc/materialize/pull/30485,no,triage: dropped by both annotators
https://github.com/MaterializeInc/materialize/pull/37409,no,triage: dropped by both annotators
https://github.com/qdrant/qdrant/pull/10577,no,triage: dropped by both annotators
https://github.com/libp2p/rust-libp2p/pull/6417,no,triage: dropped by both annotators
https://github.com/risingwavelabs/risingwave/issues/23544,no,triage: dropped by both annotators
https://github.com/hyperium/h2/issues/781,no,triage: dropped by both annotators
https://github.com/neondatabase/neon/pull/8413,no,triage: dropped by both annotators
https://github.com/qdrant/qdrant/pull/6383,no,triage: dropped by both annotators
https://github.com/tokio-rs/tokio/pull/4910,no,triage: dropped by both annotators
https://github.com/tokio-rs/tokio/pull/6784,no,triage: dropped by both annotators
https://github.com/paritytech/polkadot-sdk/issues/12597,no,triage: dropped by both annotators
https://github.com/denoland/deno/pull/33015,no,triage: dropped by both annotators
https://github.com/influxdata/influxdb/issues/10311,no,triage: dropped by both annotators
https://github.com/MaterializeInc/materialize/pull/6471,no,triage: dropped by both annotators
https://github.com/vectordotdev/vector/pull/6876,no,triage: dropped by both annotators
https://github.com/libp2p/rust-libp2p/issues/4990,no,triage: dropped by both annotators
https://github.com/risingwavelabs/risingwave/pull/19402,no,triage: dropped by both annotators
https://github.com/oxidecomputer/omicron/pull/3262,no,triage: dropped by both annotators
https://github.com/risingwavelabs/risingwave/pull/14377,no,triage: dropped by both annotators
https://github.com/vectordotdev/vector/pull/5399,no,triage: dropped by both annotators
https://github.com/influxdata/influxdb/issues/18668,no,triage: dropped by both annotators
https://github.com/tokio-rs/tokio/issues/4734,no,triage: dropped by both annotators
https://github.com/databendlabs/databend/issues/16873,no,triage: dropped by both annotators
https://github.com/tokio-rs/tokio/issues/4088,no,triage: dropped by both annotators
https://github.com/oxidecomputer/omicron/issues/9133,no,triage: dropped by both annotators
https://github.com/influxdata/influxdb/issues/9988,no,triage: dropped by both annotators
https://github.com/tokio-rs/tokio/issues/4647,no,triage: dropped by both annotators
https://github.com/oxidecomputer/omicron/pull/2440,no,triage: dropped by both annotators
https://github.com/databendlabs/databend/pull/20257,no,triage: dropped by both annotators
https://github.com/risingwavelabs/risingwave/pull/24810,no,triage: dropped by both annotators
https://github.com/libp2p/rust-libp2p/pull/6285,no,triage: dropped by both annotators
https://github.com/vectordotdev/vector/pull/3605,no,triage: dropped by both annotators
https://github.com/databendlabs/databend/pull/18490,no,triage: dropped by both annotators
https://github.com/denoland/deno/issues/36803,no,triage: dropped by both annotators
https://github.com/denoland/deno/pull/35961,no,triage: dropped by both annotators
https://github.com/tokio-rs/axum/pull/1276,no,triage: dropped by both annotators
https://github.com/influxdata/influxdb/issues/25565,no,triage: dropped by both annotators
https://github.com/risingwavelabs/risingwave/issues/13387,no,triage: dropped by both annotators
https://github.com/n0-computer/iroh/pull/4141,no,triage: dropped by both annotators
https://github.com/risingwavelabs/risingwave/issues/11352,no,triage: dropped by both annotators
https://github.com/MaterializeInc/materialize/pull/26898,no,triage: dropped by both annotators
https://github.com/databendlabs/databend/pull/20373,no,triage: dropped by both annotators
https://github.com/qdrant/qdrant/pull/4928,no,triage: dropped by both annotators
https://github.com/paritytech/polkadot-sdk/issues/6126,no,triage: dropped by both annotators
https://github.com/risingwavelabs/risingwave/issues/22328,no,triage: dropped by both annotators
https://github.com/libp2p/rust-libp2p/pull/2934,no,triage: dropped by both annotators
https://github.com/MaterializeInc/materialize/pull/23276,no,triage: dropped by both annotators
https://github.com/influxdata/influxdb/pull/8947,no,triage: dropped by both annotators
https://github.com/qdrant/qdrant/pull/10443,no,triage: dropped by both annotators
https://github.com/paritytech/polkadot-sdk/pull/7402,no,triage: dropped by both annotators
https://github.com/MaterializeInc/materialize/pull/16958,no,triage: dropped by both annotators
https://github.com/neondatabase/neon/pull/12803,no,triage: dropped by both annotators
https://github.com/neondatabase/neon/pull/6888,no,triage: dropped by both annotators
https://github.com/databendlabs/databend/issues/680,no,triage: dropped by both annotators
https://github.com/influxdata/influxdb/issues/10127,no,triage: dropped by both annotators
https://github.com/denoland/deno/pull/35476,no,triage: dropped by both annotators
https://github.com/tokio-rs/tokio/issues/6053,no,triage: dropped by both annotators
https://github.com/tokio-rs/tokio/pull/1199,no,triage: dropped by both annotators
https://github.com/quinn-rs/quinn/issues/2234,no,triage: dropped by both annotators
https://github.com/paritytech/polkadot-sdk/issues/12794,no,triage: dropped by both annotators
https://github.com/databendlabs/databend/issues/13657,no,triage: dropped by both annotators
https://github.com/risingwavelabs/risingwave/issues/26421,no,triage: dropped by both annotators
https://github.com/denoland/deno/issues/9570,no,triage: dropped by both annotators
https://github.com/databendlabs/databend/issues/9497,no,triage: dropped by both annotators
https://github.com/neondatabase/neon/pull/4422,no,triage: dropped by both annotators
https://github.com/influxdata/influxdb/issues/9894,no,triage: dropped by both annotators
https://github.com/risingwavelabs/risingwave/pull/23727,no,triage: dropped by both annotators
https://github.com/denoland/deno/pull/34055,no,triage: dropped by both annotators
https://github.com/MaterializeInc/materialize/pull/18323,no,triage: dropped by both annotators
https://github.com/influxdata/influxdb/issues/2157,no,triage: dropped by both annotators
https://github.com/denoland/deno/issues/19247,no,triage: dropped by both annotators
https://github.com/libp2p/rust-libp2p/pull/6270,no,triage: dropped by both annotators
https://github.com/hyperium/hyper/issues/1172,no,triage: dropped by both annotators
https://github.com/libp2p/rust-libp2p/pull/6347,no,triage: dropped by both annotators
https://github.com/libp2p/rust-libp2p/pull/6230,no,triage: dropped by both annotators
https://github.com/risingwavelabs/risingwave/issues/4315,no,triage: dropped by both annotators
https://github.com/libp2p/rust-libp2p/pull/6424,no,triage: dropped by both annotators
https://github.com/oxidecomputer/omicron/issues/5111,no,triage: dropped by both annotators
https://github.com/influxdata/influxdb/issues/1837,no,triage: dropped by both annotators
https://github.com/influxdata/influxdb/pull/7527,no,triage: dropped by both annotators
https://github.com/tokio-rs/tokio/issues/1845,no,triage: dropped by both annotators
https://github.com/influxdata/influxdb/issues/8693,no,triage: dropped by both annotators
https://github.com/tokio-rs/tokio/pull/4851,no,triage: dropped by both annotators
https://github.com/libp2p/rust-libp2p/pull/6458,no,triage: dropped by both annotators
https://github.com/tokio-rs/tokio/issues/4547,no,triage: dropped by both annotators
https://github.com/MaterializeInc/materialize/pull/21783,no,triage: dropped by both annotators
https://github.com/databendlabs/databend/pull/20448,no,triage: dropped by both annotators
https://github.com/neondatabase/neon/issues/12919,no,triage: dropped by both annotators
https://github.com/hyperium/hyper/pull/4028,no,triage: dropped by both annotators
https://github.com/qdrant/qdrant/pull/7963,no,triage: dropped by both annotators
https://github.com/influxdata/influxdb/issues/5850,no,triage: dropped by both annotators
https://github.com/MaterializeInc/materialize/pull/26504,no,triage: dropped by both annotators
https://github.com/denoland/deno/issues/17411,no,triage: dropped by both annotators
https://github.com/neondatabase/neon/pull/3466,no,triage: dropped by both annotators
https://github.com/MaterializeInc/materialize/pull/7457,no,triage: dropped by both annotators
https://github.com/risingwavelabs/risingwave/pull/6098,no,triage: dropped by both annotators
https://github.com/influxdata/influxdb/issues/9177,no,triage: dropped by both annotators
https://github.com/influxdata/influxdb/pull/8338,no,triage: dropped by both annotators
https://github.com/MaterializeInc/materialize/pull/20407,no,triage: dropped by both annotators
https://github.com/libp2p/rust-libp2p/pull/1789,no,triage: dropped by both annotators
https://github.com/influxdata/influxdb/issues/19977,no,triage: dropped by both annotators
https://github.com/paritytech/polkadot-sdk/pull/6231,no,triage: dropped by both annotators
https://github.com/risingwavelabs/risingwave/pull/25985,no,triage: dropped by both annotators
https://github.com/MaterializeInc/materialize/pull/37918,no,triage: dropped by both annotators
https://github.com/MaterializeInc/materialize/pull/16488,no,triage: dropped by both annotators
https://github.com/qdrant/qdrant/pull/3509,no,triage: dropped by both annotators
https://github.com/oxidecomputer/propolis/issues/1019,no,triage: dropped by both annotators
https://github.com/influxdata/influxdb/pull/26616,no,triage: dropped by both annotators
https://github.com/tokio-rs/tokio/issues/3974,no,triage: dropped by both annotators
https://github.com/qdrant/qdrant/pull/8782,no,triage: dropped by both annotators
https://github.com/MaterializeInc/materialize/pull/34431,no,triage: dropped by both annotators
https://github.com/libp2p/rust-libp2p/pull/1420,no,triage: dropped by both annotators
https://github.com/influxdata/influxdb/issues/20257,no,triage: dropped by both annotators
https://github.com/MaterializeInc/materialize/pull/10943,no,triage: dropped by both annotators
https://github.com/vectordotdev/vector/pull/24875,no,triage: dropped by both annotators
https://github.com/MaterializeInc/materialize/pull/24019,no,triage: dropped by both annotators
https://github.com/denoland/deno/pull/31726,no,triage: dropped by both annotators
https://github.com/MaterializeInc/materialize/pull/22206,no,triage: dropped by both annotators
https://github.com/risingwavelabs/risingwave/issues/2663,no,triage: dropped by both annotators
https://github.com/risingwavelabs/risingwave/issues/22834,no,triage: dropped by both annotators
https://github.com/tokio-rs/tokio/issues/4885,no,triage: dropped by both annotators
https://github.com/influxdata/influxdb/issues/4573,no,triage: dropped by both annotators
https://github.com/databendlabs/databend/pull/19774,no,triage: dropped by both annotators
https://github.com/neondatabase/neon/issues/1654,no,triage: dropped by both annotators
https://github.com/risingwavelabs/risingwave/pull/2609,no,triage: dropped by both annotators
https://github.com/libp2p/rust-libp2p/pull/6228,no,triage: dropped by both annotators
https://github.com/vectordotdev/vector/pull/23330,no,triage: dropped by both annotators
https://github.com/risingwavelabs/risingwave/pull/16023,no,triage: dropped by both annotators
https://github.com/denoland/deno/issues/3086,no,triage: dropped by both annotators
https://github.com/influxdata/influxdb/pull/6004,no,triage: dropped by both annotators
https://github.com/risingwavelabs/risingwave/pull/15083,no,triage: dropped by both annotators
https://github.com/oxidecomputer/omicron/issues/7918,no,triage: dropped by both annotators
https://github.com/oxidecomputer/omicron/pull/4355,no,triage: dropped by both annotators
https://github.com/MaterializeInc/materialize/pull/19648,no,triage: dropped by both annotators
https://github.com/neondatabase/neon/pull/3222,no,triage: dropped by both annotators
https://github.com/risingwavelabs/risingwave/issues/17458,no,triage: dropped by both annotators
https://github.com/risingwavelabs/risingwave/pull/9081,no,triage: dropped by both annotators
https://github.com/neondatabase/neon/pull/9353,no,triage: dropped by both annotators
https://github.com/denoland/deno/pull/34944,no,triage: dropped by both annotators
https://github.com/MaterializeInc/materialize/pull/21116,no,triage: dropped by both annotators
https://github.com/influxdata/influxdb/issues/8890,no,triage: dropped by both annotators
https://github.com/risingwavelabs/risingwave/pull/26422,no,triage: dropped by both annotators
https://github.com/MaterializeInc/materialize/pull/28715,no,triage: dropped by both annotators
https://github.com/paritytech/polkadot-sdk/issues/13066,no,triage: dropped by both annotators
https://github.com/databendlabs/databend/issues/20382,no,triage: dropped by both annotators
https://github.com/n0-computer/iroh/pull/3314,no,triage: dropped by both annotators
https://github.com/neondatabase/neon/pull/10453,no,triage: dropped by both annotators
https://github.com/tokio-rs/tokio/issues/8224,no,triage: dropped by both annotators
https://github.com/qdrant/qdrant/pull/6886,no,triage: dropped by both annotators
https://github.com/databendlabs/databend/pull/9595,no,triage: dropped by both annotators
https://github.com/neondatabase/neon/pull/995,no,triage: dropped by both annotators
https://github.com/influxdata/influxdb/issues/6961,no,triage: dropped by both annotators
https://github.com/vectordotdev/vector/issues/8671,no,triage: dropped by both annotators
https://github.com/vectordotdev/vector/pull/7594,no,triage: dropped by both annotators
https://github.com/oxidecomputer/propolis/pull/17,no,triage: dropped by both annotators
https://github.com/influxdata/influxdb/issues/14924,no,triage: dropped by both annotators
https://github.com/neondatabase/neon/pull/4464,no,triage: dropped by both annotators
https://github.com/neondatabase/neon/pull/2947,no,triage: dropped by both annotators
https://github.com/databendlabs/databend/issues/6854,no,triage: dropped by both annotators
https://github.com/grpc/grpc-rust/pull/2863,no,triage: dropped by both annotators
https://github.com/risingwavelabs/risingwave/issues/8962,no,triage: dropped by both annotators
https://github.com/tokio-rs/tokio/pull/7495,no,triage: dropped by both annotators
https://github.com/libp2p/rust-libp2p/pull/277,no,triage: dropped by both annotators
https://github.com/oxidecomputer/omicron/pull/9626,no,triage: dropped by both annotators
https://github.com/databendlabs/databend/issues/20243,no,triage: dropped by both annotators
https://github.com/risingwavelabs/risingwave/pull/986,no,triage: dropped by both annotators
https://github.com/meilisearch/meilisearch/pull/6549,no,triage: dropped by both annotators
https://github.com/denoland/deno/pull/33165,no,triage: dropped by both annotators
https://github.com/tokio-rs/axum/issues/3004,no,triage: dropped by both annotators
https://github.com/influxdata/influxdb/pull/22754,no,triage: dropped by both annotators
https://github.com/databendlabs/databend/pull/15062,no,triage: dropped by both annotators
https://github.com/libp2p/rust-libp2p/issues/1352,no,triage: dropped by both annotators
https://github.com/risingwavelabs/risingwave/issues/8349,no,triage: dropped by both annotators
https://github.com/MaterializeInc/materialize/pull/14725,no,triage: dropped by both annotators
https://github.com/risingwavelabs/risingwave/pull/22620,no,triage: dropped by both annotators
https://github.com/influxdata/influxdb/issues/7877,no,triage: dropped by both annotators
https://github.com/MaterializeInc/materialize/pull/8801,no,triage: dropped by both annotators
https://github.com/databendlabs/databend/pull/19493,no,triage: dropped by both annotators
https://github.com/MaterializeInc/materialize/pull/20625,no,triage: dropped by both annotators
https://github.com/influxdata/influxdb/issues/14075,no,triage: dropped by both annotators
https://github.com/influxdata/influxdb/pull/24509,no,triage: dropped by both annotators
https://github.com/influxdata/influxdb/issues/7386,no,triage: dropped by both annotators
https://github.com/influxdata/influxdb/issues/13682,no,triage: dropped by both annotators
https://github.com/libp2p/rust-libp2p/pull/6445,no,triage: dropped by both annotators
https://github.com/databendlabs/databend/issues/10196,no,triage: dropped by both annotators
https://github.com/denoland/deno/pull/33522,no,triage: dropped by both annotators
https://github.com/databendlabs/databend/pull/7022,no,triage: dropped by both annotators
https://github.com/tokio-rs/tokio/pull/2152,no,triage: dropped by both annotators
https://github.com/qdrant/qdrant/pull/7171,no,triage: dropped by both annotators
https://github.com/tokio-rs/tokio/issues/2670,no,triage: dropped by both annotators
https://github.com/tokio-rs/tokio/pull/5171,no,triage: dropped by both annotators
https://github.com/oxidecomputer/omicron/pull/1475,no,triage: dropped by both annotators
https://github.com/qdrant/qdrant/pull/10214,no,triage: dropped by both annotators
https://github.com/tokio-rs/tokio/issues/1605,no,triage: dropped by both annotators
https://github.com/risingwavelabs/risingwave/pull/9040,no,triage: dropped by both annotators
https://github.com/influxdata/influxdb/issues/15290,no,triage: dropped by both annotators
https://github.com/influxdata/influxdb/issues/16668,no,triage: dropped by both annotators
https://github.com/MaterializeInc/materialize/pull/31293,no,triage: dropped by both annotators
https://github.com/risingwavelabs/risingwave/issues/12513,no,triage: dropped by both annotators
https://github.com/paritytech/polkadot-sdk/pull/10859,no,triage: dropped by both annotators
https://github.com/MaterializeInc/materialize/pull/32483,no,triage: dropped by both annotators
https://github.com/quinn-rs/quinn/pull/1191,no,triage: dropped by both annotators
https://github.com/qdrant/qdrant/pull/7048,no,triage: dropped by both annotators
https://github.com/denoland/deno/pull/34269,no,triage: dropped by both annotators
https://github.com/tokio-rs/tokio/pull/2678,no,triage: dropped by both annotators
https://github.com/databendlabs/databend/pull/5027,no,triage: dropped by both annotators
https://github.com/databendlabs/databend/pull/20140,no,triage: dropped by both annotators
https://github.com/vectordotdev/vector/pull/1988,no,triage: dropped by both annotators
https://github.com/oxidecomputer/omicron/pull/10059,no,triage: dropped by both annotators
https://github.com/databendlabs/databend/pull/20251,no,triage: dropped by both annotators
https://github.com/MaterializeInc/materialize/pull/6189,no,triage: dropped by both annotators
https://github.com/oxidecomputer/propolis/pull/1204,no,triage: dropped by both annotators
https://github.com/influxdata/influxdb/issues/14564,no,triage: dropped by both annotators
https://github.com/influxdata/influxdb/issues/19779,no,triage: dropped by both annotators
https://github.com/denoland/deno/issues/26301,no,triage: dropped by both annotators
https://github.com/influxdata/influxdb/issues/9307,no,triage: dropped by both annotators
https://github.com/vectordotdev/vector/issues/8904,no,triage: dropped by both annotators
https://github.com/MaterializeInc/materialize/pull/36619,no,triage: dropped by both annotators
https://github.com/tokio-rs/tokio/issues/7942,no,triage: dropped by both annotators
https://github.com/influxdata/influxdb/issues/7663,no,triage: dropped by both annotators
https://github.com/MaterializeInc/materialize/pull/31239,no,triage: dropped by both annotators
https://github.com/risingwavelabs/risingwave/pull/20204,no,triage: dropped by both annotators
https://github.com/risingwavelabs/risingwave/issues/14708,no,triage: dropped by both annotators
https://github.com/libp2p/rust-libp2p/pull/3882,no,triage: dropped by both annotators
https://github.com/neondatabase/neon/issues/11719,no,triage: dropped by both annotators
https://github.com/neondatabase/neon/pull/8022,no,triage: dropped by both annotators
https://github.com/oxidecomputer/omicron/pull/1647,no,triage: dropped by both annotators
https://github.com/tokio-rs/tokio/pull/2126,no,triage: dropped by both annotators
https://github.com/influxdata/influxdb/issues/1570,no,triage: dropped by both annotators
https://github.com/libp2p/rust-libp2p/issues/2649,no,triage: dropped by both annotators
https://github.com/MaterializeInc/materialize/pull/36640,no,triage: dropped by both annotators
https://github.com/databendlabs/databend/pull/5618,no,triage: dropped by both annotators
https://github.com/paritytech/polkadot-sdk/issues/1487,no,triage: dropped by both annotators
https://github.com/influxdata/influxdb/pull/18824,no,triage: dropped by both annotators
https://github.com/denoland/deno/pull/35747,no,triage: dropped by both annotators
https://github.com/qdrant/qdrant/pull/10356,no,triage: dropped by both annotators
https://github.com/tokio-rs/tokio/issues/2969,no,triage: dropped by both annotators
https://github.com/vectordotdev/vector/pull/25407,no,triage: dropped by both annotators
https://github.com/qdrant/qdrant/pull/8792,no,triage: dropped by both annotators
https://github.com/tokio-rs/tokio/issues/8240,no,triage: dropped by both annotators
https://github.com/MaterializeInc/materialize/pull/8197,no,triage: dropped by both annotators
https://github.com/oxidecomputer/omicron/pull/1055,no,triage: dropped by both annotators
https://github.com/oxidecomputer/omicron/pull/8596,no,triage: dropped by both annotators
https://github.com/vectordotdev/vector/issues/22116,no,triage: dropped by both annotators
https://github.com/oxidecomputer/dropshot/pull/160,no,triage: dropped by both annotators
https://github.com/vectordotdev/vector/pull/25770,no,triage: dropped by both annotators
https://github.com/risingwavelabs/risingwave/pull/2184,no,triage: dropped by both annotators
https://github.com/meilisearch/meilisearch/pull/6266,no,triage: dropped by both annotators
https://github.com/databendlabs/databend/issues/4206,no,triage: dropped by both annotators
https://github.com/oxidecomputer/omicron/pull/9638,no,triage: dropped by both annotators
https://github.com/influxdata/influxdb/issues/24052,no,triage: dropped by both annotators
https://github.com/databendlabs/databend/issues/5893,no,triage: dropped by both annotators
https://github.com/influxdata/influxdb/issues/6932,no,triage: dropped by both annotators
https://github.com/risingwavelabs/risingwave/issues/27035,no,triage: dropped by both annotators
https://github.com/tokio-rs/tracing/pull/2561,no,triage: dropped by both annotators
https://github.com/neondatabase/neon/pull/10882,no,triage: dropped by both annotators
https://github.com/influxdata/influxdb/issues/2155,no,triage: dropped by both annotators
https://github.com/denoland/deno/pull/33683,no,triage: dropped by both annotators
https://github.com/databendlabs/databend/pull/20156,no,triage: dropped by both annotators
https://github.com/quinn-rs/quinn/pull/953,no,triage: dropped by both annotators
https://github.com/influxdata/influxdb/pull/26998,no,triage: dropped by both annotators
https://github.com/oxidecomputer/omicron/pull/9684,no,triage: dropped by both annotators
https://github.com/cloudflare/pingora/issues/295,no,triage: dropped by both annotators
https://github.com/linkerd/linkerd2-proxy/pull/341,no,triage: dropped by both annotators
https://github.com/databendlabs/databend/issues/16790,no,triage: dropped by both annotators
https://github.com/MaterializeInc/materialize/pull/20806,no,triage: dropped by both annotators
https://github.com/risingwavelabs/risingwave/pull/26546,no,triage: dropped by both annotators
https://github.com/tokio-rs/tokio/pull/5283,no,triage: dropped by both annotators
https://github.com/neondatabase/neon/pull/8383,no,triage: dropped by both annotators
https://github.com/denoland/deno/issues/35309,no,triage: dropped by both annotators
https://github.com/vectordotdev/vector/pull/9378,no,triage: dropped by both annotators
https://github.com/vectordotdev/vector/issues/12467,no,triage: dropped by both annotators
https://github.com/risingwavelabs/risingwave/issues/13876,no,triage: dropped by both annotators
https://github.com/qdrant/qdrant/pull/8012,no,triage: dropped by both annotators
https://github.com/tokio-rs/tokio/pull/8099,no,triage: dropped by both annotators
https://github.com/risingwavelabs/risingwave/issues/13346,no,triage: dropped by both annotators
https://github.com/hyperium/hyper/pull/2827,no,triage: dropped by both annotators
https://github.com/vectordotdev/vector/pull/14947,no,triage: dropped by both annotators
https://github.com/MaterializeInc/materialize/pull/38400,no,triage: dropped by both annotators
https://github.com/neondatabase/neon/issues/1065,no,triage: dropped by both annotators
https://github.com/neondatabase/neon/pull/11269,no,triage: dropped by both annotators
https://github.com/denoland/deno/pull/30005,no,triage: dropped by both annotators
https://github.com/MaterializeInc/materialize/pull/15255,no,triage: dropped by both annotators
https://github.com/MaterializeInc/materialize/pull/19758,no,triage: dropped by both annotators
https://github.com/qdrant/qdrant/pull/8529,no,triage: dropped by both annotators
https://github.com/vectordotdev/vector/pull/5174,no,triage: dropped by both annotators
https://github.com/MaterializeInc/materialize/pull/18666,no,triage: dropped by both annotators
https://github.com/denoland/deno/pull/33605,no,triage: dropped by both annotators
https://github.com/vectordotdev/vector/pull/19931,no,triage: dropped by both annotators
https://github.com/influxdata/influxdb/issues/10018,no,triage: dropped by both annotators
https://github.com/MaterializeInc/materialize/pull/38916,no,triage: dropped by both annotators
https://github.com/risingwavelabs/risingwave/pull/5118,no,triage: dropped by both annotators
https://github.com/denoland/deno/issues/14206,no,triage: dropped by both annotators
https://github.com/libp2p/rust-libp2p/issues/2585,no,triage: dropped by both annotators
https://github.com/tokio-rs/tokio/issues/8158,no,triage: dropped by both annotators
https://github.com/MaterializeInc/materialize/pull/27700,no,triage: dropped by both annotators
https://github.com/vectordotdev/vector/issues/19711,no,triage: dropped by both annotators
https://github.com/risingwavelabs/risingwave/issues/8166,no,triage: dropped by both annotators
https://github.com/risingwavelabs/risingwave/pull/26469,no,triage: dropped by both annotators
https://github.com/libp2p/rust-libp2p/pull/6622,no,triage: dropped by both annotators
https://github.com/redis-rs/redis-rs/issues/1158,no,triage: dropped by both annotators
https://github.com/tokio-rs/tokio/issues/6061,no,triage: dropped by both annotators
https://github.com/denoland/deno/pull/34977,no,triage: dropped by both annotators
https://github.com/vectordotdev/vector/issues/18854,no,triage: dropped by both annotators
https://github.com/tokio-rs/tokio/pull/8190,no,triage: dropped by both annotators
https://github.com/databendlabs/databend/issues/783,no,triage: dropped by both annotators
https://github.com/influxdata/influxdb/issues/8841,no,triage: dropped by both annotators
https://github.com/risingwavelabs/risingwave/pull/25636,no,triage: dropped by both annotators
https://github.com/seanmonstar/reqwest/issues/927,no,triage: dropped by both annotators
https://github.com/risingwavelabs/risingwave/pull/6782,no,triage: dropped by both annotators
https://github.com/neondatabase/neon/pull/3785,no,triage: dropped by both annotators
https://github.com/databendlabs/databend/pull/12536,no,triage: dropped by both annotators
https://github.com/neondatabase/neon/pull/2168,no,triage: dropped by both annotators
https://github.com/databendlabs/databend/pull/20119,no,triage: dropped by both annotators
https://github.com/qdrant/qdrant/pull/8585,no,triage: dropped by both annotators
https://github.com/risingwavelabs/risingwave/pull/24980,no,triage: dropped by both annotators
https://github.com/influxdata/influxdb/issues/10390,no,triage: dropped by both annotators
https://github.com/MaterializeInc/materialize/pull/20459,no,triage: dropped by both annotators
https://github.com/grpc/grpc-rust/issues/2257,no,triage: dropped by both annotators
https://github.com/influxdata/influxdb/issues/1386,no,triage: dropped by both annotators
https://github.com/libp2p/rust-libp2p/issues/4790,no,triage: dropped by both annotators
https://github.com/risingwavelabs/risingwave/pull/26924,no,triage: dropped by both annotators
https://github.com/influxdata/influxdb/issues/11253,no,triage: dropped by both annotators
https://github.com/influxdata/influxdb/pull/22729,no,triage: dropped by both annotators
https://github.com/influxdata/influxdb/issues/3121,no,triage: dropped by both annotators
https://github.com/databendlabs/databend/pull/20117,no,triage: dropped by both annotators
https://github.com/vectordotdev/vector/pull/7096,no,triage: dropped by both annotators
https://github.com/oxidecomputer/omicron/issues/3441,no,triage: dropped by both annotators
https://github.com/databendlabs/databend/issues/15386,no,triage: dropped by both annotators
https://github.com/tokio-rs/tokio/issues/7649,no,triage: dropped by both annotators
https://github.com/neondatabase/neon/issues/2165,no,triage: dropped by both annotators
https://github.com/vectordotdev/vector/pull/12901,no,triage: dropped by both annotators
https://github.com/neondatabase/neon/issues/1683,no,triage: dropped by both annotators
https://github.com/oxidecomputer/omicron/pull/4277,no,triage: dropped by both annotators
https://github.com/tokio-rs/tokio/issues/712,no,triage: dropped by both annotators
https://github.com/influxdata/influxdb/pull/9982,no,triage: dropped by both annotators
https://github.com/databendlabs/databend/issues/6951,no,triage: dropped by both annotators
https://github.com/influxdata/influxdb/pull/15347,no,triage: dropped by both annotators
https://github.com/denoland/deno/pull/32433,no,triage: dropped by both annotators
https://github.com/databendlabs/databend/pull/8779,no,triage: dropped by both annotators
https://github.com/influxdata/influxdb/issues/4327,no,triage: dropped by both annotators
https://github.com/tokio-rs/tokio/pull/6348,no,triage: dropped by both annotators
https://github.com/oxidecomputer/omicron/issues/6976,no,triage: dropped by both annotators
https://github.com/tokio-rs/tokio/pull/1744,no,triage: dropped by both annotators
https://github.com/neondatabase/neon/pull/8105,no,triage: dropped by both annotators
https://github.com/databendlabs/databend/issues/5713,no,triage: dropped by both annotators
https://github.com/risingwavelabs/risingwave/pull/24452,no,triage: dropped by both annotators
https://github.com/influxdata/influxdb/issues/18703,no,triage: dropped by both annotators
https://github.com/paritytech/polkadot-sdk/pull/11545,no,triage: dropped by both annotators
https://github.com/qdrant/qdrant/pull/10213,no,triage: dropped by both annotators
https://github.com/neondatabase/neon/pull/8784,no,triage: dropped by both annotators
https://github.com/databendlabs/databend/pull/20278,no,triage: dropped by both annotators
https://github.com/risingwavelabs/risingwave/pull/1079,no,triage: dropped by both annotators
https://github.com/oxidecomputer/omicron/issues/540,no,triage: dropped by both annotators
https://github.com/databendlabs/databend/pull/10821,no,triage: dropped by both annotators
https://github.com/risingwavelabs/risingwave/pull/7665,no,triage: dropped by both annotators
https://github.com/influxdata/influxdb/issues/4631,no,triage: dropped by both annotators
https://github.com/MaterializeInc/materialize/pull/37297,no,triage: dropped by both annotators
https://github.com/influxdata/influxdb/issues/25127,no,triage: dropped by both annotators
https://github.com/MaterializeInc/materialize/pull/12475,no,triage: dropped by both annotators
https://github.com/neondatabase/neon/pull/6548,no,triage: dropped by both annotators
https://github.com/MaterializeInc/materialize/pull/37924,no,triage: dropped by both annotators
https://github.com/influxdata/influxdb/issues/4352,no,triage: dropped by both annotators
https://github.com/risingwavelabs/risingwave/issues/16050,no,triage: dropped by both annotators
https://github.com/databendlabs/databend/pull/6170,no,triage: dropped by both annotators
https://github.com/tokio-rs/tokio/pull/8388,no,triage: dropped by both annotators
https://github.com/risingwavelabs/risingwave/issues/10273,no,triage: dropped by both annotators
https://github.com/MaterializeInc/materialize/pull/36368,no,triage: dropped by both annotators
https://github.com/vectordotdev/vector/pull/25872,no,triage: dropped by both annotators
https://github.com/databendlabs/databend/pull/20240,no,triage: dropped by both annotators
https://github.com/libp2p/rust-libp2p/pull/1720,no,triage: dropped by both annotators
https://github.com/databendlabs/databend/pull/17543,no,triage: dropped by both annotators
https://github.com/denoland/deno/pull/17140,no,triage: dropped by both annotators
https://github.com/influxdata/influxdb/issues/5668,no,triage: dropped by both annotators
https://github.com/neondatabase/neon/pull/10190,no,triage: dropped by both annotators
https://github.com/oxidecomputer/omicron/issues/6694,no,triage: dropped by both annotators
https://github.com/risingwavelabs/risingwave/pull/25858,no,triage: dropped by both annotators
https://github.com/MaterializeInc/materialize/pull/37732,no,triage: dropped by both annotators
https://github.com/MaterializeInc/materialize/pull/7271,no,triage: dropped by both annotators
https://github.com/vectordotdev/vector/issues/22946,no,triage: dropped by both annotators
https://github.com/MaterializeInc/materialize/pull/36214,no,triage: dropped by both annotators
https://github.com/libp2p/rust-libp2p/pull/6502,no,triage: dropped by both annotators
https://github.com/redis-rs/redis-rs/issues/509,no,triage: dropped by both annotators
https://github.com/libp2p/rust-libp2p/pull/6488,no,triage: dropped by both annotators
https://github.com/influxdata/influxdb/pull/4587,no,triage: dropped by both annotators
https://github.com/databendlabs/databend/pull/20216,no,triage: dropped by both annotators
https://github.com/influxdata/influxdb/issues/8221,no,triage: dropped by both annotators
https://github.com/hyperium/hyper/issues/2321,no,triage: dropped by both annotators
https://github.com/denoland/deno/pull/11175,no,triage: dropped by both annotators
https://github.com/neondatabase/neon/issues/3852,no,triage: dropped by both annotators
https://github.com/vectordotdev/vector/issues/20314,no,triage: dropped by both annotators
https://github.com/tokio-rs/tokio/pull/3977,no,triage: dropped by both annotators
https://github.com/risingwavelabs/risingwave/pull/2273,no,triage: dropped by both annotators
https://github.com/denoland/deno/pull/31472,no,triage: dropped by both annotators
https://github.com/paritytech/polkadot-sdk/pull/2481,no,triage: dropped by both annotators
https://github.com/vectordotdev/vector/pull/24421,no,triage: dropped by both annotators
https://github.com/tokio-rs/tokio/pull/6722,no,triage: dropped by both annotators
https://github.com/vectordotdev/vector/issues/24184,no,triage: dropped by both annotators
https://github.com/databendlabs/databend/issues/816,no,triage: dropped by both annotators
https://github.com/denoland/deno/pull/32934,no,triage: dropped by both annotators
https://github.com/tokio-rs/tokio/issues/7304,no,triage: dropped by both annotators
https://github.com/paritytech/polkadot-sdk/pull/2140,no,triage: dropped by both annotators
https://github.com/hyperium/hyper/issues/1508,no,triage: dropped by both annotators
https://github.com/databendlabs/databend/pull/20274,no,triage: dropped by both annotators
https://github.com/risingwavelabs/risingwave/pull/16450,no,triage: dropped by both annotators
https://github.com/influxdata/influxdb/issues/17129,no,triage: dropped by both annotators
https://github.com/libp2p/rust-libp2p/issues/6006,no,triage: dropped by both annotators
https://github.com/MaterializeInc/materialize/pull/37283,no,triage: dropped by both annotators
https://github.com/quinn-rs/quinn/pull/1024,no,triage: dropped by both annotators
https://github.com/qdrant/qdrant/pull/9237,no,triage: dropped by both annotators
https://github.com/oxidecomputer/omicron/pull/8924,no,triage: dropped by both annotators
https://github.com/risingwavelabs/risingwave/issues/26286,no,triage: dropped by both annotators
https://github.com/databendlabs/databend/pull/7431,no,triage: dropped by both annotators
https://github.com/neondatabase/neon/pull/6767,no,triage: dropped by both annotators
https://github.com/paritytech/polkadot-sdk/pull/6307,no,triage: dropped by both annotators
https://github.com/influxdata/influxdb/issues/8520,no,triage: dropped by both annotators
https://github.com/databendlabs/databend/issues/7463,no,triage: dropped by both annotators
https://github.com/risingwavelabs/risingwave/pull/3039,no,triage: dropped by both annotators
https://github.com/tokio-rs/tokio/issues/3041,no,triage: dropped by both annotators
https://github.com/qdrant/qdrant/pull/10711,no,triage: dropped by both annotators
https://github.com/denoland/deno/issues/17242,no,triage: dropped by both annotators
https://github.com/denoland/deno/pull/23998,no,triage: dropped by both annotators
https://github.com/influxdata/influxdb/issues/21778,no,triage: dropped by both annotators
https://github.com/risingwavelabs/risingwave/issues/27039,no,triage: dropped by both annotators
https://github.com/databendlabs/databend/issues/7573,no,triage: dropped by both annotators
https://github.com/libp2p/rust-libp2p/pull/6437,no,triage: dropped by both annotators
https://github.com/influxdata/influxdb/issues/4803,no,triage: dropped by both annotators
https://github.com/risingwavelabs/risingwave/issues/7534,no,triage: dropped by both annotators
https://github.com/paritytech/polkadot-sdk/pull/9687,no,triage: dropped by both annotators
https://github.com/databendlabs/databend/pull/7026,no,triage: dropped by both annotators
https://github.com/vectordotdev/vector/issues/10898,no,triage: dropped by both annotators
https://github.com/denoland/deno/issues/7377,no,triage: dropped by both annotators
https://github.com/databendlabs/databend/pull/14163,no,triage: dropped by both annotators
https://github.com/tokio-rs/axum/pull/3478,no,triage: dropped by both annotators
https://github.com/tokio-rs/tokio/pull/7161,no,triage: dropped by both annotators
https://github.com/MaterializeInc/materialize/pull/5651,no,triage: dropped by both annotators
https://github.com/MaterializeInc/materialize/pull/29065,no,triage: dropped by both annotators
https://github.com/MaterializeInc/materialize/pull/37642,no,triage: dropped by both annotators
https://github.com/MaterializeInc/materialize/pull/16214,no,triage: dropped by both annotators
https://github.com/MaterializeInc/materialize/pull/38079,no,triage: dropped by both annotators
https://github.com/n0-computer/iroh/pull/2085,no,triage: dropped by both annotators
https://github.com/risingwavelabs/risingwave/pull/22024,no,triage: dropped by both annotators
https://github.com/influxdata/influxdb/issues/6150,no,triage: dropped by both annotators
https://github.com/influxdata/influxdb/issues/3903,no,triage: dropped by both annotators
https://github.com/MaterializeInc/materialize/pull/37505,no,triage: dropped by both annotators
https://github.com/qdrant/qdrant/pull/6673,no,triage: dropped by both annotators
https://github.com/qdrant/qdrant/pull/8032,no,triage: dropped by both annotators
https://github.com/influxdata/influxdb/issues/5664,no,triage: dropped by both annotators
https://github.com/neondatabase/neon/pull/5122,no,triage: dropped by both annotators
https://github.com/oxidecomputer/omicron/pull/5917,no,triage: dropped by both annotators
https://github.com/qdrant/qdrant/pull/8691,no,triage: dropped by both annotators
https://github.com/libp2p/rust-libp2p/pull/2518,no,triage: dropped by both annotators
https://github.com/neondatabase/neon/issues/9914,no,triage: dropped by both annotators
https://github.com/tokio-rs/tokio/issues/7883,no,triage: dropped by both annotators
https://github.com/MaterializeInc/materialize/pull/21418,no,triage: dropped by both annotators
https://github.com/influxdata/influxdb/issues/13365,no,triage: dropped by both annotators
https://github.com/neondatabase/neon/pull/3290,no,triage: dropped by both annotators
https://github.com/influxdata/influxdb/issues/26957,no,triage: dropped by both annotators
https://github.com/MaterializeInc/materialize/pull/15510,no,triage: dropped by both annotators
https://github.com/tokio-rs/tokio/pull/6462,no,triage: dropped by both annotators
https://github.com/tokio-rs/tokio/pull/7962,no,triage: dropped by both annotators
https://github.com/tokio-rs/tokio/pull/4675,no,triage: dropped by both annotators
https://github.com/risingwavelabs/risingwave/pull/14442,no,triage: dropped by both annotators
https://github.com/influxdata/influxdb/issues/16804,no,triage: dropped by both annotators
https://github.com/risingwavelabs/risingwave/pull/2329,no,triage: dropped by both annotators
https://github.com/MaterializeInc/materialize/pull/38152,no,triage: dropped by both annotators
https://github.com/influxdata/influxdb/issues/14121,no,triage: dropped by both annotators
https://github.com/MaterializeInc/materialize/pull/30260,no,triage: dropped by both annotators
https://github.com/denoland/deno/pull/14159,no,triage: dropped by both annotators
https://github.com/qdrant/qdrant/pull/8501,no,triage: dropped by both annotators
https://github.com/risingwavelabs/risingwave/pull/18920,no,triage: dropped by both annotators
https://github.com/MaterializeInc/materialize/pull/38255,no,triage: dropped by both annotators
https://github.com/tokio-rs/tokio/pull/3352,no,triage: dropped by both annotators
https://github.com/influxdata/influxdb/pull/8425,no,triage: dropped by both annotators
https://github.com/paritytech/polkadot-sdk/pull/12803,no,triage: dropped by both annotators
https://github.com/vectordotdev/vector/pull/692,no,triage: dropped by both annotators
https://github.com/tokio-rs/tracing/pull/2888,no,triage: dropped by both annotators
https://github.com/MaterializeInc/materialize/pull/6614,no,triage: dropped by both annotators
https://github.com/databendlabs/databend/pull/10240,no,triage: dropped by both annotators
https://github.com/libp2p/rust-libp2p/pull/1176,no,triage: dropped by both annotators
https://github.com/vectordotdev/vector/pull/1945,no,triage: dropped by both annotators
https://github.com/MaterializeInc/materialize/pull/24562,no,triage: dropped by both annotators
https://github.com/paritytech/polkadot-sdk/pull/10468,no,triage: dropped by both annotators
https://github.com/MaterializeInc/materialize/pull/31281,no,triage: dropped by both annotators
https://github.com/influxdata/influxdb/issues/21918,no,triage: dropped by both annotators
https://github.com/denoland/deno/pull/36869,no,triage: dropped by both annotators
https://github.com/databendlabs/databend/pull/3647,no,triage: dropped by both annotators
https://github.com/neondatabase/neon/pull/5909,no,triage: dropped by both annotators
https://github.com/risingwavelabs/risingwave/issues/3943,no,triage: dropped by both annotators
https://github.com/tokio-rs/tokio/pull/4595,no,triage: dropped by both annotators
https://github.com/influxdata/influxdb/issues/961,no,triage: dropped by both annotators
https://github.com/denoland/deno/pull/35584,no,triage: dropped by both annotators
https://github.com/vectordotdev/vector/issues/18336,no,triage: dropped by both annotators
https://github.com/risingwavelabs/risingwave/pull/23215,no,triage: dropped by both annotators
https://github.com/libp2p/rust-libp2p/issues/993,no,triage: dropped by both annotators
https://github.com/MaterializeInc/materialize/pull/19839,no,triage: dropped by both annotators
https://github.com/MaterializeInc/materialize/pull/13234,no,triage: dropped by both annotators
https://github.com/oxidecomputer/omicron/pull/7106,no,triage: dropped by both annotators
https://github.com/influxdata/influxdb/issues/8033,no,triage: dropped by both annotators
https://github.com/risingwavelabs/risingwave/pull/18422,no,triage: dropped by both annotators
https://github.com/influxdata/influxdb/issues/17179,no,triage: dropped by both annotators
https://github.com/qdrant/qdrant/pull/8795,no,triage: dropped by both annotators
https://github.com/influxdata/influxdb/pull/8591,no,triage: dropped by both annotators
https://github.com/databendlabs/databend/issues/12546,no,triage: dropped by both annotators
https://github.com/databendlabs/databend/pull/7419,no,triage: dropped by both annotators
https://github.com/linkerd/linkerd2-proxy/pull/474,no,triage: dropped by both annotators
https://github.com/influxdata/influxdb/issues/5730,no,triage: dropped by both annotators
https://github.com/risingwavelabs/risingwave/pull/1026,no,triage: dropped by both annotators
https://github.com/tokio-rs/tokio/issues/4570,no,triage: dropped by both annotators
https://github.com/databendlabs/databend/pull/4628,no,triage: dropped by both annotators
https://github.com/neondatabase/neon/pull/1545,no,triage: dropped by both annotators
https://github.com/databendlabs/databend/pull/20172,no,triage: dropped by both annotators
https://github.com/influxdata/influxdb/issues/4856,no,triage: dropped by both annotators
https://github.com/risingwavelabs/risingwave/pull/23613,no,triage: dropped by both annotators
https://github.com/risingwavelabs/risingwave/pull/4383,no,triage: dropped by both annotators
https://github.com/influxdata/influxdb/issues/18390,no,triage: dropped by both annotators
https://github.com/vectordotdev/vector/issues/11633,no,triage: dropped by both annotators
https://github.com/databendlabs/databend/pull/17519,no,triage: dropped by both annotators
https://github.com/denoland/deno/issues/378,no,triage: dropped by both annotators
https://github.com/neondatabase/neon/issues/5515,no,triage: dropped by both annotators
https://github.com/influxdata/influxdb/issues/7578,no,triage: dropped by both annotators
https://github.com/influxdata/influxdb/issues/7999,no,triage: dropped by both annotators
https://github.com/qdrant/qdrant/pull/8773,no,triage: dropped by both annotators
https://github.com/vectordotdev/vector/pull/25417,no,triage: dropped by both annotators
https://github.com/neondatabase/neon/pull/9821,no,triage: dropped by both annotators
https://github.com/denoland/deno/pull/36719,no,triage: dropped by both annotators
https://github.com/paritytech/polkadot-sdk/pull/4701,no,triage: dropped by both annotators
https://github.com/n0-computer/iroh/pull/3986,no,triage: dropped by both annotators
https://github.com/tokio-rs/tokio/issues/4835,no,triage: dropped by both annotators
https://github.com/risingwavelabs/risingwave/issues/21815,no,triage: dropped by both annotators
https://github.com/databendlabs/databend/pull/20193,no,triage: dropped by both annotators
https://github.com/neondatabase/neon/pull/4051,no,triage: dropped by both annotators
https://github.com/influxdata/influxdb/issues/5009,no,triage: dropped by both annotators
https://github.com/libp2p/rust-libp2p/pull/6490,no,triage: dropped by both annotators
https://github.com/MaterializeInc/materialize/pull/8571,no,triage: dropped by both annotators
https://github.com/databendlabs/databend/pull/19106,no,triage: dropped by both annotators
https://github.com/qdrant/qdrant/pull/6173,no,triage: dropped by both annotators
https://github.com/databendlabs/databend/issues/20563,no,triage: dropped by both annotators
https://github.com/MaterializeInc/materialize/pull/18927,no,triage: dropped by both annotators
https://github.com/vectordotdev/vector/pull/26137,no,triage: dropped by both annotators
https://github.com/risingwavelabs/risingwave/pull/5120,no,triage: dropped by both annotators
https://github.com/oxidecomputer/omicron/pull/3136,no,triage: dropped by both annotators
https://github.com/qdrant/qdrant/pull/6262,no,triage: dropped by both annotators
https://github.com/qdrant/qdrant/pull/6150,no,triage: dropped by both annotators
https://github.com/neondatabase/neon/pull/8914,no,triage: dropped by both annotators
https://github.com/risingwavelabs/risingwave/pull/9870,no,triage: dropped by both annotators
https://github.com/meilisearch/meilisearch/pull/545,no,triage: dropped by both annotators
https://github.com/libp2p/rust-libp2p/pull/6292,no,triage: dropped by both annotators
https://github.com/databendlabs/databend/pull/8577,no,triage: dropped by both annotators
https://github.com/MaterializeInc/materialize/pull/38374,no,triage: dropped by both annotators
https://github.com/risingwavelabs/risingwave/pull/18093,no,triage: dropped by both annotators
https://github.com/influxdata/influxdb/issues/8025,no,triage: dropped by both annotators
https://github.com/MaterializeInc/materialize/pull/26064,no,triage: dropped by both annotators
https://github.com/databendlabs/databend/pull/9043,no,triage: dropped by both annotators
https://github.com/denoland/deno/pull/33892,no,triage: dropped by both annotators
https://github.com/MaterializeInc/materialize/pull/18583,no,triage: dropped by both annotators
https://github.com/databendlabs/databend/pull/10989,no,triage: dropped by both annotators
https://github.com/oxidecomputer/omicron/pull/7518,no,triage: dropped by both annotators
https://github.com/influxdata/influxdb/issues/24850,no,triage: dropped by both annotators
https://github.com/MaterializeInc/materialize/pull/22599,no,triage: dropped by both annotators
https://github.com/influxdata/influxdb/pull/25722,no,triage: dropped by both annotators
https://github.com/MaterializeInc/materialize/pull/37841,no,triage: dropped by both annotators
https://github.com/qdrant/qdrant/pull/9951,no,triage: dropped by both annotators
https://github.com/vectordotdev/vector/pull/4702,no,triage: dropped by both annotators
https://github.com/MaterializeInc/materialize/pull/34106,no,triage: dropped by both annotators
https://github.com/databendlabs/databend/pull/10229,no,triage: dropped by both annotators
https://github.com/databendlabs/databend/issues/8029,no,triage: dropped by both annotators
https://github.com/risingwavelabs/risingwave/pull/17979,no,triage: dropped by both annotators
https://github.com/denoland/deno/pull/34427,no,triage: dropped by both annotators
https://github.com/neondatabase/neon/pull/4984,no,triage: dropped by both annotators
https://github.com/neondatabase/neon/issues/2579,no,triage: dropped by both annotators
https://github.com/quinn-rs/quinn/issues/1348,no,triage: dropped by both annotators
https://github.com/tokio-rs/tokio/pull/4541,no,triage: dropped by both annotators
https://github.com/influxdata/influxdb/issues/19152,no,triage: dropped by both annotators
https://github.com/vectordotdev/vector/issues/19105,no,triage: dropped by both annotators
https://github.com/quinn-rs/quinn/issues/1296,no,triage: dropped by both annotators
https://github.com/risingwavelabs/risingwave/pull/22927,no,triage: dropped by both annotators
https://github.com/influxdata/influxdb/issues/3945,no,triage: dropped by both annotators
https://github.com/denoland/deno/pull/11913,no,triage: dropped by both annotators
https://github.com/paritytech/polkadot-sdk/pull/13150,no,triage: dropped by both annotators
https://github.com/databendlabs/databend/pull/7791,no,triage: dropped by both annotators
https://github.com/paritytech/polkadot-sdk/pull/11892,no,triage: dropped by both annotators
https://github.com/influxdata/influxdb/pull/5130,no,triage: dropped by both annotators
https://github.com/MaterializeInc/materialize/pull/12246,no,triage: dropped by both annotators
https://github.com/influxdata/influxdb/issues/8882,no,triage: dropped by both annotators
https://github.com/vectordotdev/vector/issues/23633,no,triage: dropped by both annotators
https://github.com/risingwavelabs/risingwave/pull/26843,no,triage: dropped by both annotators
https://github.com/libp2p/rust-libp2p/pull/6102,no,triage: dropped by both annotators
https://github.com/vectordotdev/vector/pull/18165,no,triage: dropped by both annotators
https://github.com/risingwavelabs/risingwave/issues/7976,no,triage: dropped by both annotators
https://github.com/databendlabs/databend/pull/20436,no,triage: dropped by both annotators
https://github.com/influxdata/influxdb/pull/12525,no,triage: dropped by both annotators
https://github.com/qdrant/qdrant/pull/7877,no,triage: dropped by both annotators
https://github.com/grpc/grpc-rust/issues/1820,no,triage: dropped by both annotators
https://github.com/vectordotdev/vector/pull/9166,no,triage: dropped by both annotators
https://github.com/MaterializeInc/materialize/pull/21203,no,triage: dropped by both annotators
https://github.com/denoland/deno/pull/35792,no,triage: dropped by both annotators
https://github.com/grpc/grpc-rust/pull/2560,no,triage: dropped by both annotators
https://github.com/influxdata/influxdb/issues/19216,no,triage: dropped by both annotators
https://github.com/databendlabs/databend/pull/15279,no,triage: dropped by both annotators
https://github.com/influxdata/influxdb/issues/21302,no,triage: dropped by both annotators
https://github.com/databendlabs/databend/pull/19874,no,triage: dropped by both annotators
https://github.com/tokio-rs/tracing/issues/2933,no,triage: dropped by both annotators
https://github.com/MaterializeInc/materialize/pull/37979,no,triage: dropped by both annotators
https://github.com/denoland/deno/issues/35078,no,triage: dropped by both annotators
https://github.com/tokio-rs/tokio/pull/5033,no,triage: dropped by both annotators
https://github.com/influxdata/influxdb/issues/13647,no,triage: dropped by both annotators
https://github.com/tokio-rs/tokio/pull/7418,no,triage: dropped by both annotators
https://github.com/databendlabs/databend/issues/20478,no,triage: dropped by both annotators
https://github.com/influxdata/influxdb/issues/7657,no,triage: dropped by both annotators
https://github.com/influxdata/influxdb/issues/27301,no,triage: dropped by both annotators
https://github.com/influxdata/influxdb/pull/26086,no,triage: dropped by both annotators
https://github.com/MaterializeInc/materialize/pull/30173,no,triage: dropped by both annotators
https://github.com/influxdata/influxdb/issues/19459,no,triage: dropped by both annotators
https://github.com/influxdata/influxdb/issues/8707,no,triage: dropped by both annotators
https://github.com/paritytech/polkadot-sdk/pull/6483,no,triage: dropped by both annotators
https://github.com/influxdata/influxdb/pull/27188,no,triage: dropped by both annotators
https://github.com/influxdata/influxdb/pull/9499,no,triage: dropped by both annotators
https://github.com/MaterializeInc/materialize/pull/16788,no,triage: dropped by both annotators
https://github.com/n0-computer/iroh/issues/2949,no,triage: dropped by both annotators
https://github.com/vectordotdev/vector/pull/25691,no,triage: dropped by both annotators
https://github.com/risingwavelabs/risingwave/pull/13421,no,triage: dropped by both annotators
https://github.com/influxdata/influxdb/issues/12797,no,triage: dropped by both annotators
https://github.com/MaterializeInc/materialize/pull/14527,no,triage: dropped by both annotators
https://github.com/qdrant/qdrant/pull/10189,no,triage: dropped by both annotators
https://github.com/n0-computer/iroh/issues/3904,no,triage: dropped by both annotators
https://github.com/risingwavelabs/risingwave/issues/7671,no,triage: dropped by both annotators
https://github.com/MaterializeInc/materialize/pull/16611,no,triage: dropped by both annotators
https://github.com/tokio-rs/tracing/issues/3076,no,triage: dropped by both annotators
https://github.com/grpc/grpc-rust/pull/2494,no,triage: dropped by both annotators
https://github.com/neondatabase/neon/pull/1937,no,triage: dropped by both annotators
https://github.com/paritytech/polkadot-sdk/pull/1234,no,triage: dropped by both annotators
https://github.com/MaterializeInc/materialize/pull/29452,no,triage: dropped by both annotators
https://github.com/qdrant/qdrant/pull/8312,no,triage: dropped by both annotators
https://github.com/paritytech/polkadot-sdk/pull/10794,no,triage: dropped by both annotators
https://github.com/databendlabs/databend/pull/1959,no,triage: dropped by both annotators
https://github.com/oxidecomputer/omicron/issues/5277,no,triage: dropped by both annotators
https://github.com/vectordotdev/vector/pull/18758,no,triage: dropped by both annotators
https://github.com/denoland/deno/issues/19863,no,triage: dropped by both annotators
https://github.com/databendlabs/databend/pull/10158,no,triage: dropped by both annotators
https://github.com/qdrant/qdrant/pull/3571,no,triage: dropped by both annotators
https://github.com/MaterializeInc/materialize/pull/36614,no,triage: dropped by both annotators
https://github.com/influxdata/influxdb/issues/9224,no,triage: dropped by both annotators
https://github.com/databendlabs/databend/issues/6562,no,triage: dropped by both annotators
https://github.com/influxdata/influxdb/issues/7173,no,triage: dropped by both annotators
https://github.com/influxdata/influxdb/pull/24842,no,triage: dropped by both annotators
https://github.com/databendlabs/databend/pull/6412,no,triage: dropped by both annotators
https://github.com/MaterializeInc/materialize/pull/38536,no,triage: dropped by both annotators
https://github.com/vectordotdev/vector/pull/25974,no,triage: dropped by both annotators
https://github.com/influxdata/influxdb/pull/6232,no,triage: dropped by both annotators
https://github.com/paritytech/polkadot-sdk/pull/1735,no,triage: dropped by both annotators
https://github.com/libp2p/rust-libp2p/pull/3681,no,triage: dropped by both annotators
https://github.com/MaterializeInc/materialize/pull/37442,no,triage: dropped by both annotators
https://github.com/n0-computer/iroh/pull/808,no,triage: dropped by both annotators
https://github.com/qdrant/qdrant/pull/7683,no,triage: dropped by both annotators
https://github.com/MaterializeInc/materialize/pull/26856,no,triage: dropped by both annotators
https://github.com/risingwavelabs/risingwave/issues/1331,no,triage: dropped by both annotators
https://github.com/influxdata/influxdb/pull/8407,no,triage: dropped by both annotators
https://github.com/tokio-rs/tokio/pull/8168,no,triage: dropped by both annotators
https://github.com/oxidecomputer/omicron/pull/4936,no,triage: dropped by both annotators
https://github.com/oxidecomputer/dropshot/pull/502,no,triage: dropped by both annotators
https://github.com/influxdata/influxdb/issues/15916,no,triage: dropped by both annotators
https://github.com/risingwavelabs/risingwave/pull/27048,no,triage: dropped by both annotators
https://github.com/influxdata/influxdb/issues/8666,no,triage: dropped by both annotators
https://github.com/neondatabase/neon/pull/5303,no,triage: dropped by both annotators
https://github.com/vectordotdev/vector/issues/1536,no,triage: dropped by both annotators
https://github.com/tokio-rs/tokio/issues/4879,no,triage: dropped by both annotators
https://github.com/n0-computer/iroh/issues/3457,no,triage: dropped by both annotators
https://github.com/n0-computer/iroh/issues/4253,no,triage: dropped by both annotators
https://github.com/oxidecomputer/omicron/issues/10304,no,triage: dropped by both annotators
https://github.com/risingwavelabs/risingwave/pull/7275,no,triage: dropped by both annotators
https://github.com/qdrant/qdrant/pull/10295,no,triage: dropped by both annotators
https://github.com/oxidecomputer/omicron/pull/6584,no,triage: dropped by both annotators
https://github.com/linkerd/linkerd2-proxy/pull/1037,no,triage: dropped by both annotators
https://github.com/risingwavelabs/risingwave/issues/4311,no,triage: dropped by both annotators
https://github.com/cloudflare/pingora/pull/304,no,triage: dropped by both annotators
https://github.com/denoland/deno/pull/32777,no,triage: dropped by both annotators
https://github.com/databendlabs/databend/issues/6525,no,triage: dropped by both annotators
https://github.com/libp2p/rust-libp2p/pull/1769,no,triage: dropped by both annotators
https://github.com/neondatabase/neon/pull/11000,no,triage: dropped by both annotators
https://github.com/influxdata/influxdb/issues/21472,no,triage: dropped by both annotators
https://github.com/tokio-rs/tokio/issues/2740,no,triage: dropped by both annotators
https://github.com/libp2p/rust-libp2p/pull/6459,no,triage: dropped by both annotators
https://github.com/paritytech/polkadot-sdk/issues/10832,no,triage: dropped by both annotators
https://github.com/qdrant/qdrant/pull/5475,no,triage: dropped by both annotators
https://github.com/qdrant/qdrant/pull/10198,no,triage: dropped by both annotators
https://github.com/databendlabs/databend/pull/20518,no,triage: dropped by both annotators
https://github.com/qdrant/qdrant/issues/2592,no,triage: dropped by both annotators
https://github.com/influxdata/influxdb/issues/8358,no,triage: dropped by both annotators
https://github.com/denoland/deno/pull/20660,no,triage: dropped by both annotators
https://github.com/libp2p/rust-libp2p/issues/2158,no,triage: dropped by both annotators
https://github.com/MaterializeInc/materialize/pull/16768,no,triage: dropped by both annotators
https://github.com/MaterializeInc/materialize/pull/23622,no,triage: dropped by both annotators
https://github.com/MaterializeInc/materialize/pull/13648,no,triage: dropped by both annotators
https://github.com/MaterializeInc/materialize/pull/22944,no,triage: dropped by both annotators
https://github.com/oxidecomputer/omicron/pull/9128,no,triage: dropped by both annotators
https://github.com/denoland/deno/issues/20700,no,triage: dropped by both annotators
https://github.com/denoland/deno/pull/33661,no,triage: dropped by both annotators
https://github.com/qdrant/qdrant/issues/5224,no,triage: dropped by both annotators
https://github.com/risingwavelabs/risingwave/pull/27082,no,triage: dropped by both annotators
https://github.com/vectordotdev/vector/pull/13180,no,triage: dropped by both annotators
https://github.com/oxidecomputer/omicron/pull/2752,no,triage: dropped by both annotators
https://github.com/influxdata/influxdb/issues/13633,no,triage: dropped by both annotators
https://github.com/databendlabs/databend/issues/14308,no,triage: dropped by both annotators
https://github.com/vectordotdev/vector/issues/10245,no,triage: dropped by both annotators
https://github.com/tokio-rs/tokio/pull/6339,no,triage: dropped by both annotators
https://github.com/influxdata/influxdb/issues/23859,no,triage: dropped by both annotators
https://github.com/neondatabase/neon/pull/2295,no,triage: dropped by both annotators
https://github.com/MaterializeInc/materialize/pull/29645,no,triage: dropped by both annotators
https://github.com/databendlabs/databend/pull/6241,no,triage: dropped by both annotators
https://github.com/libp2p/rust-libp2p/pull/6493,no,triage: dropped by both annotators
https://github.com/vectordotdev/vector/pull/4537,no,triage: dropped by both annotators
https://github.com/databendlabs/databend/pull/10450,no,triage: dropped by both annotators
https://github.com/influxdata/influxdb/issues/10858,no,triage: dropped by both annotators
https://github.com/vectordotdev/vector/issues/9592,no,triage: dropped by both annotators
https://github.com/influxdata/influxdb/issues/23024,no,triage: dropped by both annotators
https://github.com/influxdata/influxdb/pull/7174,no,triage: dropped by both annotators
https://github.com/vectordotdev/vector/issues/1391,no,triage: dropped by both annotators
https://github.com/risingwavelabs/risingwave/pull/4763,no,triage: dropped by both annotators
https://github.com/MaterializeInc/materialize/pull/22279,no,triage: dropped by both annotators
https://github.com/risingwavelabs/risingwave/pull/22544,no,triage: dropped by both annotators
https://github.com/influxdata/influxdb/issues/4882,no,triage: dropped by both annotators
https://github.com/oxidecomputer/omicron/pull/6915,no,triage: dropped by both annotators
https://github.com/influxdata/influxdb/issues/3326,no,triage: dropped by both annotators
https://github.com/databendlabs/databend/pull/7893,no,triage: dropped by both annotators
https://github.com/MaterializeInc/materialize/pull/19631,no,triage: dropped by both annotators
https://github.com/influxdata/influxdb/issues/7134,no,triage: dropped by both annotators
https://github.com/libp2p/rust-libp2p/pull/6360,no,triage: dropped by both annotators
https://github.com/grpc/grpc-rust/pull/2699,no,triage: dropped by both annotators
https://github.com/libp2p/rust-libp2p/pull/2066,no,triage: dropped by both annotators
https://github.com/influxdata/influxdb/issues/1242,no,triage: dropped by both annotators
https://github.com/oxidecomputer/omicron/issues/7841,no,triage: dropped by both annotators
https://github.com/tokio-rs/tokio/pull/2481,no,triage: dropped by both annotators
https://github.com/influxdata/influxdb/issues/10069,no,triage: dropped by both annotators
https://github.com/tokio-rs/tokio/issues/7030,no,triage: dropped by both annotators
https://github.com/libp2p/rust-libp2p/pull/6225,no,triage: dropped by both annotators
https://github.com/grpc/grpc-rust/pull/2573,no,triage: dropped by both annotators
https://github.com/paritytech/polkadot-sdk/issues/493,no,triage: dropped by both annotators
https://github.com/risingwavelabs/risingwave/pull/25074,no,triage: dropped by both annotators
https://github.com/influxdata/influxdb/issues/5971,no,triage: dropped by both annotators
https://github.com/databendlabs/databend/pull/20282,no,triage: dropped by both annotators
https://github.com/paritytech/polkadot-sdk/pull/8792,no,triage: dropped by both annotators
https://github.com/denoland/deno/issues/12420,no,triage: dropped by both annotators
https://github.com/MaterializeInc/materialize/pull/33117,no,triage: dropped by both annotators
https://github.com/neondatabase/neon/pull/8628,no,triage: dropped by both annotators
https://github.com/denoland/deno/issues/20955,no,triage: dropped by both annotators
https://github.com/denoland/deno/issues/36045,no,triage: dropped by both annotators
https://github.com/MaterializeInc/materialize/pull/37363,no,triage: dropped by both annotators
https://github.com/MaterializeInc/materialize/pull/19217,no,triage: dropped by both annotators
https://github.com/tokio-rs/tokio/issues/3084,no,triage: dropped by both annotators
https://github.com/MaterializeInc/materialize/pull/38101,no,triage: dropped by both annotators
https://github.com/libp2p/rust-libp2p/pull/6525,no,triage: dropped by both annotators
https://github.com/influxdata/influxdb/issues/4559,no,triage: dropped by both annotators
https://github.com/databendlabs/databend/issues/17604,no,triage: dropped by both annotators
https://github.com/tokio-rs/tokio/pull/7920,no,triage: dropped by both annotators
https://github.com/influxdata/influxdb/issues/9248,no,triage: dropped by both annotators
https://github.com/tokio-rs/tokio/pull/2303,no,triage: dropped by both annotators
https://github.com/oxidecomputer/omicron/pull/7205,no,triage: dropped by both annotators
https://github.com/influxdata/influxdb/issues/14614,no,triage: dropped by both annotators
https://github.com/risingwavelabs/risingwave/pull/12661,no,triage: dropped by both annotators
https://github.com/libp2p/rust-libp2p/pull/1871,no,triage: dropped by both annotators
https://github.com/MaterializeInc/materialize/pull/37355,no,triage: dropped by both annotators
https://github.com/neondatabase/neon/pull/1690,no,triage: dropped by both annotators
https://github.com/denoland/deno/issues/7761,no,triage: dropped by both annotators
https://github.com/libp2p/rust-libp2p/pull/4015,no,triage: dropped by both annotators
https://github.com/linkerd/linkerd2-proxy/pull/747,no,triage: dropped by both annotators
https://github.com/MaterializeInc/materialize/pull/31401,no,triage: dropped by both annotators
https://github.com/MaterializeInc/materialize/pull/12588,no,triage: dropped by both annotators
https://github.com/risingwavelabs/risingwave/issues/9590,no,triage: dropped by both annotators
https://github.com/neondatabase/neon/pull/4437,no,triage: dropped by both annotators
https://github.com/databendlabs/databend/issues/19773,no,triage: dropped by both annotators
https://github.com/denoland/deno/pull/24378,no,triage: dropped by both annotators
https://github.com/influxdata/influxdb/issues/21238,no,triage: dropped by both annotators
https://github.com/cloudflare/pingora/issues/866,no,triage: dropped by both annotators
https://github.com/denoland/deno/pull/36113,no,triage: dropped by both annotators
https://github.com/databendlabs/databend/issues/9691,no,triage: dropped by both annotators
https://github.com/denoland/deno/pull/33278,no,triage: dropped by both annotators
https://github.com/oxidecomputer/omicron/issues/6480,no,triage: dropped by both annotators
https://github.com/influxdata/influxdb/issues/24780,no,triage: dropped by both annotators
https://github.com/libp2p/rust-libp2p/pull/6388,no,triage: dropped by both annotators
https://github.com/paritytech/polkadot-sdk/pull/1736,no,triage: dropped by both annotators
https://github.com/paritytech/polkadot-sdk/issues/2750,no,triage: dropped by both annotators
https://github.com/risingwavelabs/risingwave/issues/13334,no,triage: dropped by both annotators
https://github.com/MaterializeInc/materialize/pull/19967,no,triage: dropped by both annotators
https://github.com/qdrant/qdrant/pull/1838,no,triage: dropped by both annotators
https://github.com/influxdata/influxdb/issues/6816,no,triage: dropped by both annotators
https://github.com/influxdata/influxdb/pull/8770,no,triage: dropped by both annotators
https://github.com/influxdata/influxdb/issues/10600,no,triage: dropped by both annotators
https://github.com/influxdata/influxdb/issues/15050,no,triage: dropped by both annotators
https://github.com/influxdata/influxdb/issues/25011,no,triage: dropped by both annotators
https://github.com/influxdata/influxdb/issues/13312,no,triage: dropped by both annotators
https://github.com/risingwavelabs/risingwave/pull/22386,no,triage: dropped by both annotators
https://github.com/vectordotdev/vector/pull/25646,no,triage: dropped by both annotators
https://github.com/denoland/deno/pull/2298,no,triage: dropped by both annotators
https://github.com/qdrant/qdrant/pull/6675,no,triage: dropped by both annotators
https://github.com/databendlabs/databend/pull/20513,no,triage: dropped by both annotators
https://github.com/databendlabs/databend/issues/18186,no,triage: dropped by both annotators
https://github.com/risingwavelabs/risingwave/pull/24303,no,triage: dropped by both annotators
https://github.com/libp2p/rust-libp2p/pull/6266,no,triage: dropped by both annotators
https://github.com/tokio-rs/tokio/issues/3666,no,triage: dropped by both annotators
https://github.com/databendlabs/databend/pull/14952,no,triage: dropped by both annotators
https://github.com/databendlabs/databend/issues/18964,no,triage: dropped by both annotators
https://github.com/influxdata/influxdb/issues/7971,no,triage: dropped by both annotators
https://github.com/databendlabs/databend/issues/6096,no,triage: dropped by both annotators
https://github.com/risingwavelabs/risingwave/issues/23133,no,triage: dropped by both annotators
https://github.com/qdrant/qdrant/pull/6545,no,triage: dropped by both annotators
https://github.com/oxidecomputer/omicron/pull/9258,no,triage: dropped by both annotators
https://github.com/qdrant/qdrant/pull/10671,no,triage: dropped by both annotators
https://github.com/databendlabs/databend/issues/14600,no,triage: dropped by both annotators
https://github.com/paritytech/polkadot-sdk/issues/990,no,triage: dropped by both annotators
https://github.com/risingwavelabs/risingwave/issues/641,no,triage: dropped by both annotators
https://github.com/tokio-rs/tokio/issues/7877,no,triage: dropped by both annotators
https://github.com/risingwavelabs/risingwave/pull/5033,no,triage: dropped by both annotators
https://github.com/risingwavelabs/risingwave/pull/12240,no,triage: dropped by both annotators
https://github.com/vectordotdev/vector/pull/25312,no,triage: dropped by both annotators
https://github.com/qdrant/qdrant/pull/7166,no,triage: dropped by both annotators
https://github.com/risingwavelabs/risingwave/pull/22178,no,triage: dropped by both annotators
https://github.com/hyperium/hyper/issues/1032,no,triage: dropped by both annotators
https://github.com/influxdata/influxdb/issues/18493,no,triage: dropped by both annotators
https://github.com/grpc/grpc-rust/issues/1375,no,triage: dropped by both annotators
https://github.com/influxdata/influxdb/issues/6793,no,triage: dropped by both annotators
https://github.com/MaterializeInc/materialize/pull/18994,no,triage: dropped by both annotators
https://github.com/vectordotdev/vector/issues/24543,no,triage: dropped by both annotators
https://github.com/libp2p/rust-libp2p/issues/4618,no,triage: dropped by both annotators
https://github.com/risingwavelabs/risingwave/pull/5160,no,triage: dropped by both annotators
https://github.com/databendlabs/databend/pull/6381,no,triage: dropped by both annotators
https://github.com/databendlabs/databend/pull/20536,no,triage: dropped by both annotators
https://github.com/databendlabs/databend/issues/5481,no,triage: dropped by both annotators
https://github.com/quinn-rs/quinn/pull/2270,no,triage: dropped by both annotators
https://github.com/tokio-rs/tokio/pull/2661,no,triage: dropped by both annotators
https://github.com/libp2p/rust-libp2p/pull/6467,no,triage: dropped by both annotators
https://github.com/influxdata/influxdb/issues/4157,no,triage: dropped by both annotators
https://github.com/libp2p/rust-libp2p/pull/6430,no,triage: dropped by both annotators
https://github.com/risingwavelabs/risingwave/pull/2636,no,triage: dropped by both annotators
https://github.com/denoland/deno/pull/35710,no,triage: dropped by both annotators
https://github.com/risingwavelabs/risingwave/pull/8774,no,triage: dropped by both annotators
https://github.com/MaterializeInc/materialize/pull/299,no,triage: dropped by both annotators
https://github.com/MaterializeInc/materialize/pull/7171,no,triage: dropped by both annotators
https://github.com/tokio-rs/axum/issues/1811,no,triage: dropped by both annotators
https://github.com/influxdata/influxdb/issues/5926,no,triage: dropped by both annotators
https://github.com/tokio-rs/tokio/issues/4535,no,triage: dropped by both annotators
https://github.com/oxidecomputer/omicron/issues/7983,no,triage: dropped by both annotators
https://github.com/databendlabs/databend/pull/19971,no,triage: dropped by both annotators
https://github.com/vectordotdev/vector/issues/12013,no,triage: dropped by both annotators
https://github.com/denoland/deno/pull/36145,no,triage: dropped by both annotators
https://github.com/databendlabs/databend/issues/10173,no,triage: dropped by both annotators
https://github.com/influxdata/influxdb/pull/4704,no,triage: dropped by both annotators
https://github.com/MaterializeInc/materialize/pull/16761,no,triage: dropped by both annotators
https://github.com/neondatabase/neon/pull/2077,no,triage: dropped by both annotators
https://github.com/risingwavelabs/risingwave/pull/22327,no,triage: dropped by both annotators
https://github.com/qdrant/qdrant/pull/9329,no,triage: dropped by both annotators
https://github.com/hyperium/hyper/issues/2384,no,triage: dropped by both annotators
https://github.com/influxdata/influxdb/pull/27005,no,triage: dropped by both annotators
https://github.com/libp2p/rust-libp2p/issues/4705,no,triage: dropped by both annotators
https://github.com/neondatabase/neon/pull/4119,no,triage: dropped by both annotators
https://github.com/oxidecomputer/dropshot/pull/1677,no,triage: dropped by both annotators
https://github.com/influxdata/influxdb/issues/7715,no,triage: dropped by both annotators
https://github.com/libp2p/rust-libp2p/pull/6283,no,triage: dropped by both annotators
https://github.com/oxidecomputer/omicron/issues/10047,no,triage: dropped by both annotators
https://github.com/databendlabs/databend/issues/9038,no,triage: dropped by both annotators
https://github.com/risingwavelabs/risingwave/pull/843,no,triage: dropped by both annotators
https://github.com/MaterializeInc/materialize/pull/34554,no,triage: dropped by both annotators
https://github.com/influxdata/influxdb/issues/7216,no,triage: dropped by both annotators
https://github.com/denoland/deno/pull/33805,no,triage: dropped by both annotators
https://github.com/libp2p/rust-libp2p/pull/6429,no,triage: dropped by both annotators
https://github.com/MaterializeInc/materialize/pull/21191,no,triage: dropped by both annotators
https://github.com/databendlabs/databend/issues/7259,no,triage: dropped by both annotators
https://github.com/vectordotdev/vector/pull/13241,no,triage: dropped by both annotators
https://github.com/neondatabase/neon/pull/12747,no,triage: dropped by both annotators
https://github.com/MaterializeInc/materialize/pull/37919,no,triage: dropped by both annotators
https://github.com/vectordotdev/vector/pull/25666,no,triage: dropped by both annotators
https://github.com/vectordotdev/vector/pull/24100,no,triage: dropped by both annotators
https://github.com/influxdata/influxdb/issues/9203,no,triage: dropped by both annotators
https://github.com/neondatabase/neon/issues/1339,no,triage: dropped by both annotators
https://github.com/databendlabs/databend/pull/2759,no,triage: dropped by both annotators
https://github.com/MaterializeInc/materialize/pull/24338,no,triage: dropped by both annotators
https://github.com/oxidecomputer/omicron/issues/228,no,triage: dropped by both annotators
https://github.com/databendlabs/databend/pull/17100,no,triage: dropped by both annotators
https://github.com/databendlabs/databend/pull/7814,no,triage: dropped by both annotators
https://github.com/neondatabase/neon/pull/9055,no,triage: dropped by both annotators
https://github.com/MaterializeInc/materialize/pull/6443,no,triage: dropped by both annotators
https://github.com/MaterializeInc/materialize/pull/30302,no,triage: dropped by both annotators
https://github.com/risingwavelabs/risingwave/issues/7900,no,triage: dropped by both annotators
https://github.com/risingwavelabs/risingwave/pull/27146,no,triage: dropped by both annotators
https://github.com/tokio-rs/tokio/pull/7111,no,triage: dropped by both annotators
https://github.com/oxidecomputer/omicron/issues/4730,no,triage: dropped by both annotators
https://github.com/databendlabs/databend/pull/5833,no,triage: dropped by both annotators
https://github.com/MaterializeInc/materialize/pull/15175,no,triage: dropped by both annotators
https://github.com/risingwavelabs/risingwave/issues/11489,no,triage: dropped by both annotators
https://github.com/influxdata/influxdb/pull/9632,no,triage: dropped by both annotators
https://github.com/influxdata/influxdb/issues/24554,no,triage: dropped by both annotators
https://github.com/influxdata/influxdb/issues/4953,no,triage: dropped by both annotators
https://github.com/denoland/deno/pull/33458,no,triage: dropped by both annotators
https://github.com/vectordotdev/vector/issues/25888,no,triage: dropped by both annotators
https://github.com/databendlabs/databend/pull/20305,no,triage: dropped by both annotators
https://github.com/influxdata/influxdb/issues/27497,no,triage: dropped by both annotators
https://github.com/influxdata/influxdb/issues/26603,no,triage: dropped by both annotators
https://github.com/vectordotdev/vector/pull/25908,no,triage: dropped by both annotators
https://github.com/risingwavelabs/risingwave/pull/26463,no,triage: dropped by both annotators
https://github.com/MaterializeInc/materialize/pull/28262,no,triage: dropped by both annotators
https://github.com/n0-computer/iroh/pull/4455,no,triage: dropped by both annotators
https://github.com/databendlabs/databend/issues/17101,no,triage: dropped by both annotators
https://github.com/vectordotdev/vector/pull/17099,no,triage: dropped by both annotators
https://github.com/denoland/deno/pull/34550,no,triage: dropped by both annotators
https://github.com/MaterializeInc/materialize/pull/22132,no,triage: dropped by both annotators
https://github.com/databendlabs/databend/pull/19863,no,triage: dropped by both annotators
https://github.com/oxidecomputer/propolis/issues/207,no,triage: dropped by both annotators
https://github.com/risingwavelabs/risingwave/pull/3756,no,triage: dropped by both annotators
https://github.com/influxdata/influxdb/issues/4914,no,triage: dropped by both annotators
https://github.com/risingwavelabs/risingwave/pull/2602,no,triage: dropped by both annotators
https://github.com/meilisearch/meilisearch/pull/1800,no,triage: dropped by both annotators
https://github.com/oxidecomputer/propolis/issues/282,no,triage: dropped by both annotators
https://github.com/neondatabase/neon/pull/11778,no,triage: dropped by both annotators
https://github.com/risingwavelabs/risingwave/pull/20000,no,triage: dropped by both annotators
https://github.com/risingwavelabs/risingwave/issues/5845,no,triage: dropped by both annotators
https://github.com/tokio-rs/tokio/issues/2596,no,triage: dropped by both annotators
https://github.com/influxdata/influxdb/pull/2187,no,triage: dropped by both annotators
https://github.com/oxidecomputer/omicron/pull/7139,no,triage: dropped by both annotators
https://github.com/MaterializeInc/materialize/pull/19443,no,triage: dropped by both annotators
https://github.com/oxidecomputer/omicron/issues/4870,no,triage: dropped by both annotators
https://github.com/databendlabs/databend/issues/6797,no,triage: dropped by both annotators
https://github.com/databendlabs/databend/pull/20207,no,triage: dropped by both annotators
https://github.com/databendlabs/databend/issues/14921,no,triage: dropped by both annotators
https://github.com/risingwavelabs/risingwave/pull/7185,no,triage: dropped by both annotators
https://github.com/databendlabs/databend/pull/6228,no,triage: dropped by both annotators
https://github.com/libp2p/rust-libp2p/issues/2390,no,triage: dropped by both annotators
https://github.com/oxidecomputer/omicron/pull/192,no,triage: dropped by both annotators
https://github.com/influxdata/influxdb/issues/7343,no,triage: dropped by both annotators
https://github.com/neondatabase/neon/pull/10838,no,triage: dropped by both annotators
https://github.com/n0-computer/iroh/pull/2129,no,triage: dropped by both annotators
https://github.com/influxdata/influxdb/issues/9999,no,triage: dropped by both annotators
https://github.com/influxdata/influxdb/issues/8332,no,triage: dropped by both annotators
https://github.com/risingwavelabs/risingwave/issues/4318,no,triage: dropped by both annotators
https://github.com/neondatabase/neon/issues/11101,no,triage: dropped by both annotators
https://github.com/influxdata/influxdb/pull/20442,no,triage: dropped by both annotators
https://github.com/qdrant/qdrant/pull/6671,no,triage: dropped by both annotators
https://github.com/MaterializeInc/materialize/pull/37592,no,triage: dropped by both annotators
https://github.com/influxdata/influxdb/issues/6878,no,triage: dropped by both annotators
https://github.com/databendlabs/databend/issues/5163,no,triage: dropped by both annotators
https://github.com/n0-computer/iroh/issues/4459,no,triage: dropped by both annotators
https://github.com/influxdata/influxdb/issues/1995,no,triage: dropped by both annotators
https://github.com/influxdata/influxdb/pull/2696,no,triage: dropped by both annotators
https://github.com/tokio-rs/tracing/pull/907,no,triage: dropped by both annotators
https://github.com/databendlabs/databend/pull/15665,no,triage: dropped by both annotators
https://github.com/influxdata/influxdb/issues/8153,no,triage: dropped by both annotators
https://github.com/MaterializeInc/materialize/pull/8762,no,triage: dropped by both annotators
https://github.com/influxdata/influxdb/pull/25729,no,triage: dropped by both annotators
https://github.com/qdrant/qdrant/pull/7162,no,triage: dropped by both annotators
https://github.com/risingwavelabs/risingwave/issues/7369,no,triage: dropped by both annotators
https://github.com/MaterializeInc/materialize/pull/38663,no,triage: dropped by both annotators
https://github.com/databendlabs/databend/pull/13735,no,triage: dropped by both annotators
https://github.com/databendlabs/databend/pull/20482,no,triage: dropped by both annotators
https://github.com/risingwavelabs/risingwave/issues/16736,no,triage: dropped by both annotators
https://github.com/MaterializeInc/materialize/pull/663,no,triage: dropped by both annotators
https://github.com/influxdata/influxdb/issues/20443,no,triage: dropped by both annotators
https://github.com/MaterializeInc/materialize/pull/7322,no,triage: dropped by both annotators
https://github.com/MaterializeInc/materialize/pull/8156,no,triage: dropped by both annotators
https://github.com/influxdata/influxdb/issues/5793,no,triage: dropped by both annotators
https://github.com/databendlabs/databend/pull/3849,no,triage: dropped by both annotators
https://github.com/databendlabs/databend/issues/5527,no,triage: dropped by both annotators
https://github.com/tokio-rs/tokio/issues/6005,no,triage: dropped by both annotators
https://github.com/databendlabs/databend/pull/16258,no,triage: dropped by both annotators
https://github.com/influxdata/influxdb/issues/3991,no,triage: dropped by both annotators
https://github.com/databendlabs/databend/issues/1487,no,triage: dropped by both annotators
https://github.com/risingwavelabs/risingwave/pull/25935,no,triage: dropped by both annotators
https://github.com/denoland/deno/pull/35042,no,triage: dropped by both annotators
https://github.com/MaterializeInc/materialize/pull/14305,no,triage: dropped by both annotators
https://github.com/databendlabs/databend/pull/13602,no,triage: dropped by both annotators
https://github.com/MaterializeInc/materialize/pull/11960,no,triage: dropped by both annotators
https://github.com/libp2p/rust-libp2p/pull/6250,no,triage: dropped by both annotators
https://github.com/influxdata/influxdb/issues/3806,no,triage: dropped by both annotators
https://github.com/vectordotdev/vector/pull/25485,no,triage: dropped by both annotators
https://github.com/tokio-rs/tokio/pull/2256,no,triage: dropped by both annotators
https://github.com/influxdata/influxdb/pull/25022,no,triage: dropped by both annotators
https://github.com/linkerd/linkerd2-proxy/pull/739,no,triage: dropped by both annotators
https://github.com/MaterializeInc/materialize/pull/20805,no,triage: dropped by both annotators
https://github.com/influxdata/influxdb/issues/8848,no,triage: dropped by both annotators
https://github.com/influxdata/influxdb/issues/11541,no,triage: dropped by both annotators
